t_us,frame_id,sensor_id,accX,accY,accZ,acc_sum_YZ,magX,magY,magZ
1091253928,872224,0,1.00390625,-0.03515625,0.005859375,-0.029296875,0.0,0.0,0.0
1091255180,872225,0,1.005859375,-0.0390625,0.017578125,-0.021484375,0.0,0.0,0.0
1091256432,872226,0,0.998046875,-0.0390625,0.015625,-0.0234375,0.0,0.0,0.0
1091257682,872227,0,1.01953125,-0.03515625,0.013671875,-0.021484375,0.0,0.0,0.0
1091258933,872228,0,1.001953125,-0.0390625,0.015625,-0.0234375,0.0,0.0,0.0
1091260183,872229,0,0.99609375,-0.037109375,0.015625,-0.021484375,0.0,0.0,0.0
1091261433,872230,0,0.998046875,-0.04296875,0.017578125,-0.025390625,0.0,0.0,0.0
1091262684,872231,0,1.001953125,-0.03515625,0.021484375,-0.013671875,0.0,0.0,0.0
1091263936,872232,0,1.0,-0.03125,0.017578125,-0.013671875,0.0,0.0,0.0
1091265187,872233,0,1.00390625,-0.033203125,0.015625,-0.017578125,0.0,0.0,0.0
1091266439,872234,0,1.0078125,-0.037109375,0.01953125,-0.017578125,0.0,0.0,0.0
1091267690,872235,0,1.001953125,-0.0390625,0.017578125,-0.021484375,0.0,0.0,0.0
1091268940,872236,0,1.00390625,-0.033203125,0.015625,-0.017578125,0.0,0.0,0.0
1091270192,872237,0,1.005859375,-0.037109375,0.015625,-0.021484375,0.0,0.0,0.0
1091271443,872238,0,1.0,-0.041015625,0.013671875,-0.02734375,0.0,0.0,0.0
1091272694,872239,0,1.00390625,-0.037109375,0.01953125,-0.017578125,0.0,0.0,0.0
1091273944,872240,0,1.0078125,-0.03515625,0.013671875,-0.021484375,0.0,0.0,0.0
1091275194,872241,0,1.001953125,-0.037109375,0.013671875,-0.0234375,0.0,0.0,0.0
1091276445,872242,0,1.001953125,-0.037109375,0.017578125,-0.01953125,0.0,0.0,0.0
1091277697,872243,0,1.005859375,-0.03515625,0.015625,-0.01953125,0.0,0.0,0.0
1091278947,872244,0,1.00390625,-0.037109375,0.015625,-0.021484375,0.0,0.0,0.0
1091280199,872245,0,1.0,-0.0390625,0.015625,-0.0234375,0.0,0.0,0.0
1091281449,872246,0,1.00390625,-0.0390625,0.017578125,-0.021484375,0.0,0.0,0.0
1091282701,872247,0,1.005859375,-0.0390625,0.015625,-0.0234375,0.0,0.0,0.0
1091283951,872248,0,0.99609375,-0.03515625,0.01953125,-0.015625,0.0,0.0,0.0
1091285202,872249,0,1.005859375,-0.0390625,0.021484375,-0.017578125,0.0,0.0,0.0
1091286454,872250,0,1.0078125,-0.03125,0.015625,-0.015625,0.0,0.0,0.0
1091287704,872251,0,1.0078125,-0.0390625,0.0078125,-0.03125,0.0,0.0,0.0
1091288955,872252,0,1.005859375,-0.041015625,0.013671875,-0.02734375,0.0,0.0,0.0
1091290206,872253,0,1.00390625,-0.03515625,0.015625,-0.01953125,0.0,0.0,0.0
1091291457,872254,0,1.001953125,-0.037109375,0.013671875,-0.0234375,0.0,0.0,0.0
1091292708,872255,0,1.005859375,-0.037109375,0.015625,-0.021484375,0.0,0.0,0.0
1091293959,872256,0,1.00390625,-0.033203125,0.013671875,-0.01953125,0.0,0.0,0.0
1091295211,872257,0,1.005859375,-0.033203125,0.009765625,-0.0234375,0.0,0.0,0.0
1091296463,872258,0,1.00390625,-0.037109375,0.015625,-0.021484375,0.0,0.0,0.0
1091297713,872259,0,1.00390625,-0.037109375,0.013671875,-0.0234375,0.0,0.0,0.0
1091298965,872260,0,1.0078125,-0.033203125,0.015625,-0.017578125,0.0,0.0,0.0
1091300215,872261,0,1.005859375,-0.03515625,0.015625,-0.01953125,0.0,0.0,0.0
1091301466,872262,0,1.00390625,-0.037109375,0.013671875,-0.0234375,0.0,0.0,0.0
1091302716,872263,0,0.998046875,-0.037109375,0.013671875,-0.0234375,0.0,0.0,0.0
1091303966,872264,0,0.998046875,-0.03515625,0.013671875,-0.021484375,0.0,0.0,0.0
1091305216,872265,0,1.0,-0.03515625,0.013671875,-0.021484375,0.0,0.0,0.0
1091306468,872266,0,1.0078125,-0.0390625,0.017578125,-0.021484375,0.0,0.0,0.0
1091307719,872267,0,1.005859375,-0.033203125,0.015625,-0.017578125,0.0,0.0,0.0
1091308969,872268,0,1.005859375,-0.037109375,0.017578125,-0.01953125,0.0,0.0,0.0
1091310221,872269,0,1.00390625,-0.033203125,0.009765625,-0.0234375,0.0,0.0,0.0
1091311471,872270,0,1.00390625,-0.033203125,0.021484375,-0.01171875,0.0,0.0,0.0
1091312723,872271,0,1.013671875,-0.03515625,0.017578125,-0.017578125,0.0,0.0,0.0
1091313973,872272,0,1.0078125,-0.029296875,0.013671875,-0.015625,0.0,0.0,0.0
1091315225,872273,0,1.001953125,-0.03515625,0.01171875,-0.0234375,0.0,0.0,0.0
1091316476,872274,0,1.005859375,-0.0390625,0.01171875,-0.02734375,0.0,0.0,0.0
1091317727,872275,0,0.990234375,-0.033203125,0.017578125,-0.015625,0.0,0.0,0.0
1091318977,872276,0,1.01171875,-0.033203125,0.00390625,-0.029296875,0.0,0.0,0.0
1091320228,872277,0,1.001953125,-0.033203125,0.017578125,-0.015625,0.0,0.0,0.0
1091321479,872278,0,1.005859375,-0.033203125,0.021484375,-0.01171875,0.0,0.0,0.0
1091322730,872279,0,1.00390625,-0.03515625,0.009765625,-0.025390625,0.0,0.0,0.0
1091323981,872280,0,1.00390625,-0.0390625,0.021484375,-0.017578125,0.0,0.0,0.0
1091325233,872281,0,1.005859375,-0.041015625,0.01171875,-0.029296875,0.0,0.0,0.0
1091326484,872282,0,1.00390625,-0.037109375,0.015625,-0.021484375,0.0,0.0,0.0
1091327734,872283,0,1.005859375,-0.037109375,0.017578125,-0.01953125,0.0,0.0,0.0
1091328984,872284,0,1.001953125,-0.041015625,0.01953125,-0.021484375,0.0,0.0,0.0
1091330235,872285,0,1.0,-0.03515625,0.017578125,-0.017578125,0.0,0.0,0.0
1091331486,872286,0,0.998046875,-0.037109375,0.021484375,-0.015625,0.0,0.0,0.0
1091332737,872287,0,1.001953125,-0.037109375,0.01953125,-0.017578125,0.0,0.0,0.0
1091333987,872288,0,1.001953125,-0.0390625,0.01953125,-0.01953125,0.0,0.0,0.0
1091335238,872289,0,0.998046875,-0.037109375,0.009765625,-0.02734375,0.0,0.0,0.0
1091336489,872290,0,0.994140625,-0.037109375,0.0234375,-0.013671875,0.0,0.0,0.0
1091337740,872291,0,1.0078125,-0.0390625,0.01953125,-0.01953125,0.0,0.0,0.0
1091338992,872292,0,1.005859375,-0.04296875,0.013671875,-0.029296875,0.0,0.0,0.0
1091340242,872293,0,1.001953125,-0.037109375,0.015625,-0.021484375,0.0,0.0,0.0
1091341493,872294,0,1.005859375,-0.037109375,0.0234375,-0.013671875,0.0,0.0,0.0
1091342744,872295,0,1.0,-0.044921875,0.0234375,-0.021484375,0.0,0.0,0.0
1091343994,872296,0,1.00390625,-0.04296875,0.01953125,-0.0234375,0.0,0.0,0.0
1091345245,872297,0,0.998046875,-0.0390625,0.021484375,-0.017578125,0.0,0.0,0.0
1091346497,872298,0,1.001953125,-0.0390625,0.013671875,-0.025390625,0.0,0.0,0.0
1091347749,872299,0,1.00390625,-0.03515625,0.013671875,-0.021484375,0.0,0.0,0.0
1091348999,872300,0,1.00390625,-0.0390625,0.013671875,-0.025390625,0.0,0.0,0.0
1091350250,872301,0,1.001953125,-0.037109375,0.021484375,-0.015625,0.0,0.0,0.0
1091351500,872302,0,1.00390625,-0.0390625,0.017578125,-0.021484375,0.0,0.0,0.0
1091352752,872303,0,1.0,-0.037109375,0.021484375,-0.015625,0.0,0.0,0.0
1091354003,872304,0,1.009765625,-0.041015625,0.01953125,-0.021484375,0.0,0.0,0.0
1091355254,872305,0,0.99609375,-0.03515625,0.013671875,-0.021484375,0.0,0.0,0.0
1091356504,872306,0,1.001953125,-0.0390625,0.015625,-0.0234375,0.0,0.0,0.0
1091357756,872307,0,1.0078125,-0.03515625,0.017578125,-0.017578125,0.0,0.0,0.0
1091359006,872308,0,1.001953125,-0.037109375,0.017578125,-0.01953125,0.0,0.0,0.0
1091360257,872309,0,1.0078125,-0.0390625,0.013671875,-0.025390625,0.0,0.0,0.0
1091361508,872310,0,1.001953125,-0.03515625,0.01953125,-0.015625,0.0,0.0,0.0
1091362759,872311,0,1.005859375,-0.037109375,0.013671875,-0.0234375,0.0,0.0,0.0
1091364009,872312,0,1.0078125,-0.041015625,0.015625,-0.025390625,0.0,0.0,0.0
1091365259,872313,0,1.005859375,-0.0390625,0.015625,-0.0234375,0.0,0.0,0.0
1091366510,872314,0,1.001953125,-0.041015625,0.0078125,-0.033203125,0.0,0.0,0.0
1091367762,872315,0,1.009765625,-0.037109375,0.013671875,-0.0234375,0.0,0.0,0.0
1091369013,872316,0,1.0078125,-0.029296875,0.013671875,-0.015625,0.0,0.0,0.0
1091370271,872317,0,1.0078125,-0.033203125,0.0078125,-0.025390625,0.0,0.0,0.0
1091371522,872318,0,1.0,-0.037109375,0.013671875,-0.0234375,0.0,0.0,0.0
1091372773,872319,0,1.0078125,-0.037109375,0.01171875,-0.025390625,0.0,0.0,0.0
1091374025,872320,0,1.0,-0.0390625,0.013671875,-0.025390625,0.0,0.0,0.0
1091375277,872321,0,0.998046875,-0.037109375,0.015625,-0.021484375,0.0,0.0,0.0
1091376528,872322,0,1.001953125,-0.03515625,0.01171875,-0.0234375,0.0,0.0,0.0
1091377779,872323,0,1.009765625,-0.03515625,0.01171875,-0.0234375,0.0,0.0,0.0
1091379031,872324,0,1.0,-0.03515625,0.017578125,-0.017578125,0.0,0.0,0.0
1091380283,872325,0,1.00390625,-0.03515625,0.013671875,-0.021484375,0.0,0.0,0.0
1091381535,872326,0,1.00390625,-0.03515625,0.015625,-0.01953125,0.0,0.0,0.0
1091382786,872327,0,1.001953125,-0.03515625,0.009765625,-0.025390625,0.0,0.0,0.0
1091384036,872328,0,1.0078125,-0.03515625,0.015625,-0.01953125,0.0,0.0,0.0
1091385287,872329,0,1.0078125,-0.037109375,0.017578125,-0.01953125,0.0,0.0,0.0
1091386537,872330,0,1.0,-0.0390625,0.009765625,-0.029296875,0.0,0.0,0.0
1091387787,872331,0,1.005859375,-0.037109375,0.01171875,-0.025390625,0.0,0.0,0.0
1091389038,872332,0,1.00390625,-0.037109375,0.015625,-0.021484375,0.0,0.0,0.0
1091390289,872333,0,1.005859375,-0.033203125,0.0078125,-0.025390625,0.0,0.0,0.0
1091391539,872334,0,1.00390625,-0.029296875,0.017578125,-0.01171875,0.0,0.0,0.0
1091392790,872335,0,1.001953125,-0.033203125,0.0078125,-0.025390625,0.0,0.0,0.0
1091394042,872336,0,1.005859375,-0.037109375,0.021484375,-0.015625,0.0,0.0,0.0
1091395292,872337,0,1.005859375,-0.041015625,0.013671875,-0.02734375,0.0,0.0,0.0
1091396543,872338,0,0.998046875,-0.0390625,0.021484375,-0.017578125,0.0,0.0,0.0
1091397794,872339,0,1.01171875,-0.037109375,0.013671875,-0.0234375,0.0,0.0,0.0
1091399044,872340,0,1.00390625,-0.037109375,0.021484375,-0.015625,0.0,0.0,0.0
1091400294,872341,0,1.001953125,-0.041015625,0.017578125,-0.0234375,0.0,0.0,0.0
1091401544,872342,0,1.00390625,-0.0390625,0.01953125,-0.01953125,0.0,0.0,0.0
1091402796,872343,0,1.005859375,-0.0390625,0.01953125,-0.01953125,0.0,0.0,0.0
1091404047,872344,0,1.0,-0.0390625,0.017578125,-0.021484375,0.0,0.0,0.0
1091405297,872345,0,1.001953125,-0.037109375,0.01171875,-0.025390625,0.0,0.0,0.0
1091406548,872346,0,1.001953125,-0.03515625,0.015625,-0.01953125,0.0,0.0,0.0
1091407800,872347,0,1.00390625,-0.03515625,0.021484375,-0.013671875,0.0,0.0,0.0
1091409050,872348,0,1.0078125,-0.033203125,0.017578125,-0.015625,0.0,0.0,0.0
1091410300,872349,0,1.005859375,-0.03515625,0.01953125,-0.015625,0.0,0.0,0.0
1091411550,872350,0,0.998046875,-0.037109375,0.013671875,-0.0234375,0.0,0.0,0.0
1091412801,872351,0,1.005859375,-0.03515625,0.017578125,-0.017578125,0.0,0.0,0.0
1091414052,872352,0,1.005859375,-0.037109375,0.013671875,-0.0234375,0.0,0.0,0.0
1091415302,872353,0,1.0,-0.03515625,0.01953125,-0.015625,0.0,0.0,0.0
1091416553,872354,0,1.005859375,-0.03515625,0.017578125,-0.017578125,0.0,0.0,0.0
1091417804,872355,0,1.001953125,-0.041015625,0.01953125,-0.021484375,0.0,0.0,0.0
1091419054,872356,0,1.01171875,-0.037109375,0.021484375,-0.015625,0.0,0.0,0.0
1091420305,872357,0,1.009765625,-0.037109375,0.015625,-0.021484375,0.0,0.0,0.0
1091421556,872358,0,1.0078125,-0.0390625,0.017578125,-0.021484375,0.0,0.0,0.0
1091422807,872359,0,1.005859375,-0.03515625,0.017578125,-0.017578125,0.0,0.0,0.0
1091424058,872360,0,1.001953125,-0.037109375,0.009765625,-0.02734375,0.0,0.0,0.0
1091425310,872361,0,0.998046875,-0.037109375,0.017578125,-0.01953125,0.0,0.0,0.0
1091426560,872362,0,1.015625,-0.037109375,0.013671875,-0.0234375,0.0,0.0,0.0
1091427810,872363,0,0.998046875,-0.037109375,0.013671875,-0.0234375,0.0,0.0,0.0
1091429060,872364,0,1.009765625,-0.03515625,0.015625,-0.01953125,0.0,0.0,0.0
1091430311,872365,0,1.001953125,-0.0390625,0.01953125,-0.01953125,0.0,0.0,0.0
1091431561,872366,0,0.998046875,-0.0390625,0.017578125,-0.021484375,0.0,0.0,0.0
1091432813,872367,0,1.005859375,-0.03515625,0.013671875,-0.021484375,0.0,0.0,0.0
1091434063,872368,0,1.001953125,-0.037109375,0.01953125,-0.017578125,0.0,0.0,0.0
1091435313,872369,0,1.001953125,-0.03515625,0.013671875,-0.021484375,0.0,0.0,0.0
1091436565,872370,0,1.00390625,-0.03515625,0.015625,-0.01953125,0.0,0.0,0.0
1091437816,872371,0,1.00390625,-0.033203125,0.017578125,-0.015625,0.0,0.0,0.0
1091439066,872372,0,1.001953125,-0.037109375,0.015625,-0.021484375,0.0,0.0,0.0
1091440316,872373,0,0.998046875,-0.03515625,0.0078125,-0.02734375,0.0,0.0,0.0
1091441567,872374,0,1.0078125,-0.03125,0.01953125,-0.01171875,0.0,0.0,0.0
1091442817,872375,0,1.0078125,-0.033203125,0.01953125,-0.013671875,0.0,0.0,0.0
1091444069,872376,0,1.0078125,-0.03515625,0.017578125,-0.017578125,0.0,0.0,0.0
1091445319,872377,0,1.0,-0.03125,0.021484375,-0.009765625,0.0,0.0,0.0
1091446570,872378,0,1.00390625,-0.03515625,0.01953125,-0.015625,0.0,0.0,0.0
1091447822,872379,0,1.005859375,-0.044921875,0.01171875,-0.033203125,0.0,0.0,0.0
1091449072,872380,0,1.005859375,-0.0390625,0.01953125,-0.01953125,0.0,0.0,0.0
1091450322,872381,0,1.013671875,-0.037109375,0.017578125,-0.01953125,0.0,0.0,0.0
1091451572,872382,0,1.0078125,-0.033203125,0.015625,-0.017578125,0.0,0.0,0.0
1091452823,872383,0,1.001953125,-0.037109375,0.013671875,-0.0234375,0.0,0.0,0.0
1091454075,872384,0,1.001953125,-0.037109375,0.017578125,-0.01953125,0.0,0.0,0.0
1091455326,872385,0,1.0078125,-0.037109375,0.013671875,-0.0234375,0.0,0.0,0.0
1091456576,872386,0,0.998046875,-0.041015625,0.01171875,-0.029296875,0.0,0.0,0.0
1091457827,872387,0,1.005859375,-0.03515625,0.013671875,-0.021484375,0.0,0.0,0.0
1091459077,872388,0,1.0078125,-0.037109375,0.013671875,-0.0234375,0.0,0.0,0.0
1091460327,872389,0,1.00390625,-0.03515625,0.013671875,-0.021484375,0.0,0.0,0.0
1091461578,872390,0,1.00390625,-0.03515625,0.01171875,-0.0234375,0.0,0.0,0.0
1091462829,872391,0,1.00390625,-0.037109375,0.017578125,-0.01953125,0.0,0.0,0.0
1091464080,872392,0,1.0,-0.03515625,0.017578125,-0.017578125,0.0,0.0,0.0
1091465332,872393,0,1.001953125,-0.037109375,0.015625,-0.021484375,0.0,0.0,0.0
1091466582,872394,0,1.005859375,-0.03515625,0.021484375,-0.013671875,0.0,0.0,0.0
1091467834,872395,0,1.005859375,-0.0390625,0.009765625,-0.029296875,0.0,0.0,0.0
1091469085,872396,0,1.0078125,-0.0390625,0.0078125,-0.03125,0.0,0.0,0.0
1091470335,872397,0,1.005859375,-0.0390625,0.013671875,-0.025390625,0.0,0.0,0.0
1091471586,872398,0,1.00390625,-0.0390625,0.017578125,-0.021484375,0.0,0.0,0.0
1091472838,872399,0,1.0,-0.0390625,0.013671875,-0.025390625,0.0,0.0,0.0
1091474088,872400,0,1.005859375,-0.03125,0.01953125,-0.01171875,0.0,0.0,0.0
1091475338,872401,0,1.005859375,-0.029296875,0.017578125,-0.01171875,0.0,0.0,0.0
1091476589,872402,0,0.998046875,-0.0390625,0.009765625,-0.029296875,0.0,0.0,0.0
1091477839,872403,0,0.994140625,-0.0390625,0.015625,-0.0234375,0.0,0.0,0.0
1091479091,872404,0,1.0,-0.037109375,0.00390625,-0.033203125,0.0,0.0,0.0
1091480341,872405,0,1.005859375,-0.037109375,0.021484375,-0.015625,0.0,0.0,0.0
1091481592,872406,0,1.0,-0.037109375,0.015625,-0.021484375,0.0,0.0,0.0
1091482844,872407,0,0.994140625,-0.03515625,0.013671875,-0.021484375,0.0,0.0,0.0
1091484094,872408,0,1.001953125,-0.037109375,0.013671875,-0.0234375,0.0,0.0,0.0
1091485344,872409,0,1.00390625,-0.03515625,0.013671875,-0.021484375,0.0,0.0,0.0
1091486595,872410,0,1.001953125,-0.041015625,0.013671875,-0.02734375,0.0,0.0,0.0
1091487846,872411,0,1.0078125,-0.03515625,0.013671875,-0.021484375,0.0,0.0,0.0
1091489096,872412,0,1.00390625,-0.037109375,0.015625,-0.021484375,0.0,0.0,0.0
1091490346,872413,0,1.001953125,-0.03515625,0.01171875,-0.0234375,0.0,0.0,0.0
1091491597,872414,0,1.005859375,-0.037109375,0.017578125,-0.01953125,0.0,0.0,0.0
1091492847,872415,0,1.0078125,-0.044921875,0.021484375,-0.0234375,0.0,0.0,0.0
1091494097,872416,0,1.001953125,-0.037109375,0.009765625,-0.02734375,0.0,0.0,0.0
1091495349,872417,0,1.0,-0.029296875,0.013671875,-0.015625,0.0,0.0,0.0
1091496599,872418,0,1.005859375,-0.033203125,0.005859375,-0.02734375,0.0,0.0,0.0
1091497850,872419,0,1.0078125,-0.037109375,0.013671875,-0.0234375,0.0,0.0,0.0
1091499101,872420,0,1.00390625,-0.0390625,0.021484375,-0.017578125,0.0,0.0,0.0
1091500351,872421,0,1.005859375,-0.033203125,0.013671875,-0.01953125,0.0,0.0,0.0
1091501602,872422,0,1.001953125,-0.037109375,0.017578125,-0.01953125,0.0,0.0,0.0
1091502853,872423,0,1.0078125,-0.033203125,0.017578125,-0.015625,0.0,0.0,0.0
1091504103,872424,0,1.0,-0.0390625,0.01171875,-0.02734375,0.0,0.0,0.0
1091505355,872425,0,1.00390625,-0.0390625,0.01171875,-0.02734375,0.0,0.0,0.0
1091506606,872426,0,1.001953125,-0.0390625,0.015625,-0.0234375,0.0,0.0,0.0
1091507856,872427,0,1.00390625,-0.037109375,0.005859375,-0.03125,0.0,0.0,0.0
1091509108,872428,0,1.0078125,-0.03515625,0.017578125,-0.017578125,0.0,0.0,0.0
1091510359,872429,0,1.0078125,-0.03515625,0.01171875,-0.0234375,0.0,0.0,0.0
1091511610,872430,0,1.009765625,-0.03515625,0.013671875,-0.021484375,0.0,0.0,0.0
1091512860,872431,0,0.998046875,-0.037109375,0.013671875,-0.0234375,0.0,0.0,0.0
1091514110,872432,0,0.998046875,-0.03515625,0.01171875,-0.0234375,0.0,0.0,0.0
1091515362,872433,0,1.001953125,-0.03515625,0.015625,-0.01953125,0.0,0.0,0.0
1091516614,872434,0,1.009765625,-0.03515625,0.013671875,-0.021484375,0.0,0.0,0.0
1091517865,872435,0,1.005859375,-0.033203125,0.009765625,-0.0234375,0.0,0.0,0.0
1091519115,872436,0,0.998046875,-0.03515625,0.017578125,-0.017578125,0.0,0.0,0.0
1091520366,872437,0,1.001953125,-0.033203125,0.017578125,-0.015625,0.0,0.0,0.0
1091521616,872438,0,1.009765625,-0.037109375,0.015625,-0.021484375,0.0,0.0,0.0
1091522867,872439,0,1.0078125,-0.03515625,0.021484375,-0.013671875,0.0,0.0,0.0
1091524118,872440,0,1.001953125,-0.0390625,0.015625,-0.0234375,0.0,0.0,0.0
1091525368,872441,0,0.994140625,-0.033203125,0.017578125,-0.015625,0.0,0.0,0.0
1091526619,872442,0,1.0,-0.03515625,0.021484375,-0.013671875,0.0,0.0,0.0
1091527871,872443,0,1.0,-0.037109375,0.01953125,-0.017578125,0.0,0.0,0.0
1091529121,872444,0,1.00390625,-0.037109375,0.013671875,-0.0234375,0.0,0.0,0.0
1091530371,872445,0,1.01171875,-0.03515625,0.013671875,-0.021484375,0.0,0.0,0.0
1091531623,872446,0,1.009765625,-0.03125,0.01953125,-0.01171875,0.0,0.0,0.0
1091532873,872447,0,1.01171875,-0.033203125,0.01171875,-0.021484375,0.0,0.0,0.0
1091534124,872448,0,1.001953125,-0.037109375,0.015625,-0.021484375,0.0,0.0,0.0
1091535376,872449,0,1.001953125,-0.03515625,0.013671875,-0.021484375,0.0,0.0,0.0
1091536626,872450,0,1.009765625,-0.03125,0.021484375,-0.009765625,0.0,0.0,0.0
1091537877,872451,0,1.001953125,-0.029296875,0.01953125,-0.009765625,0.0,0.0,0.0
1091539127,872452,0,1.00390625,-0.033203125,0.021484375,-0.01171875,0.0,0.0,0.0
1091540377,872453,0,1.0,-0.03515625,0.017578125,-0.017578125,0.0,0.0,0.0
1091541629,872454,0,1.001953125,-0.037109375,0.01953125,-0.017578125,0.0,0.0,0.0
1091542879,872455,0,1.001953125,-0.037109375,0.017578125,-0.01953125,0.0,0.0,0.0
1091544130,872456,0,1.001953125,-0.037109375,0.013671875,-0.0234375,0.0,0.0,0.0
1091545381,872457,0,1.00390625,-0.03515625,0.013671875,-0.021484375,0.0,0.0,0.0
1091546631,872458,0,1.00390625,-0.03515625,0.017578125,-0.017578125,0.0,0.0,0.0
1091547883,872459,0,1.0078125,-0.041015625,0.01171875,-0.029296875,0.0,0.0,0.0
1091549134,872460,0,1.0078125,-0.041015625,0.017578125,-0.0234375,0.0,0.0,0.0
1091550384,872461,0,1.00390625,-0.037109375,0.009765625,-0.02734375,0.0,0.0,0.0
1091551635,872462,0,1.0,-0.03515625,0.013671875,-0.021484375,0.0,0.0,0.0
1091552887,872463,0,1.001953125,-0.0390625,0.01171875,-0.02734375,0.0,0.0,0.0
1091554137,872464,0,1.0078125,-0.037109375,0.017578125,-0.01953125,0.0,0.0,0.0
1091555388,872465,0,1.005859375,-0.033203125,0.015625,-0.017578125,0.0,0.0,0.0
1091556639,872466,0,1.0078125,-0.03125,0.01953125,-0.01171875,0.0,0.0,0.0
1091557889,872467,0,1.013671875,-0.03125,0.021484375,-0.009765625,0.0,0.0,0.0
1091559140,872468,0,1.00390625,-0.03515625,0.01953125,-0.015625,0.0,0.0,0.0
1091560392,872469,0,1.00390625,-0.03515625,0.015625,-0.01953125,0.0,0.0,0.0
1091561642,872470,0,1.00390625,-0.03515625,0.021484375,-0.013671875,0.0,0.0,0.0
1091562894,872471,0,1.005859375,-0.041015625,0.015625,-0.025390625,0.0,0.0,0.0
1091564145,872472,0,1.001953125,-0.037109375,0.01171875,-0.025390625,0.0,0.0,0.0
1091565396,872473,0,1.0,-0.037109375,0.015625,-0.021484375,0.0,0.0,0.0
1091566647,872474,0,1.001953125,-0.037109375,0.017578125,-0.01953125,0.0,0.0,0.0
1091567899,872475,0,0.998046875,-0.033203125,0.013671875,-0.01953125,0.0,0.0,0.0
1091569150,872476,0,1.005859375,-0.0390625,0.009765625,-0.029296875,0.0,0.0,0.0
1091570400,872477,0,1.001953125,-0.03515625,0.01171875,-0.0234375,0.0,0.0,0.0
1091571652,872478,0,1.001953125,-0.033203125,0.013671875,-0.01953125,0.0,0.0,0.0
1091572902,872479,0,0.998046875,-0.03515625,0.015625,-0.01953125,0.0,0.0,0.0
1091574152,872480,0,1.005859375,-0.037109375,0.01953125,-0.017578125,0.0,0.0,0.0
1091575402,872481,0,1.0078125,-0.037109375,0.017578125,-0.01953125,0.0,0.0,0.0
1091576653,872482,0,1.005859375,-0.03125,0.015625,-0.015625,0.0,0.0,0.0
1091577904,872483,0,1.015625,-0.033203125,0.013671875,-0.01953125,0.0,0.0,0.0
1091579154,872484,0,1.005859375,-0.03515625,0.015625,-0.01953125,0.0,0.0,0.0
1091580406,872485,0,1.009765625,-0.03515625,0.015625,-0.01953125,0.0,0.0,0.0
1091581657,872486,0,1.0,-0.03515625,0.03125,-0.00390625,0.0,0.0,0.0
1091582907,872487,0,1.00390625,-0.037109375,0.013671875,-0.0234375,0.0,0.0,0.0
1091584158,872488,0,1.0,-0.037109375,0.009765625,-0.02734375,0.0,0.0,0.0
1091585408,872489,0,1.0,-0.03515625,0.01171875,-0.0234375,0.0,0.0,0.0
1091586659,872490,0,1.00390625,-0.03515625,0.0078125,-0.02734375,0.0,0.0,0.0
1091587910,872491,0,1.00390625,-0.037109375,0.013671875,-0.0234375,0.0,0.0,0.0
1091589160,872492,0,1.0,-0.03515625,0.017578125,-0.017578125,0.0,0.0,0.0
1091590410,872493,0,1.00390625,-0.037109375,0.01171875,-0.025390625,0.0,0.0,0.0
1091591662,872494,0,1.0,-0.03515625,0.013671875,-0.021484375,0.0,0.0,0.0
1091592912,872495,0,1.0078125,-0.03515625,0.01953125,-0.015625,0.0,0.0,0.0
1091594163,872496,0,0.998046875,-0.03515625,0.017578125,-0.017578125,0.0,0.0,0.0
1091595413,872497,0,1.001953125,-0.03515625,0.015625,-0.01953125,0.0,0.0,0.0
1091596664,872498,0,1.005859375,-0.037109375,0.009765625,-0.02734375,0.0,0.0,0.0
1091597915,872499,0,1.005859375,-0.0390625,0.013671875,-0.025390625,0.0,0.0,0.0
1091599167,872500,0,0.998046875,-0.037109375,0.01171875,-0.025390625,0.0,0.0,0.0
1091600417,872501,0,1.001953125,-0.03515625,0.017578125,-0.017578125,0.0,0.0,0.0
1091601668,872502,0,1.0078125,-0.033203125,0.01171875,-0.021484375,0.0,0.0,0.0
1091602920,872503,0,1.009765625,-0.037109375,0.015625,-0.021484375,0.0,0.0,0.0
1091604171,872504,0,1.0,-0.0390625,0.015625,-0.0234375,0.0,0.0,0.0
1091605422,872505,0,1.005859375,-0.03515625,0.015625,-0.01953125,0.0,0.0,0.0
1091606674,872506,0,1.00390625,-0.029296875,0.01953125,-0.009765625,0.0,0.0,0.0
1091607924,872507,0,1.01171875,-0.0390625,0.01171875,-0.02734375,0.0,0.0,0.0
1091609175,872508,0,1.009765625,-0.0390625,0.01171875,-0.02734375,0.0,0.0,0.0
1091610426,872509,0,1.001953125,-0.03515625,0.01171875,-0.0234375,0.0,0.0,0.0
1091611677,872510,0,1.001953125,-0.0390625,0.015625,-0.0234375,0.0,0.0,0.0
1091612928,872511,0,1.0078125,-0.03515625,0.013671875,-0.021484375,0.0,0.0,0.0
1091614179,872512,0,1.00390625,-0.0390625,0.0078125,-0.03125,0.0,0.0,0.0
1091615431,872513,0,1.00390625,-0.0390625,0.01171875,-0.02734375,0.0,0.0,0.0
1091616681,872514,0,1.005859375,-0.037109375,0.0234375,-0.013671875,0.0,0.0,0.0
1091617932,872515,0,1.00390625,-0.037109375,0.013671875,-0.0234375,0.0,0.0,0.0
1091619182,872516,0,1.001953125,-0.03515625,0.01953125,-0.015625,0.0,0.0,0.0
1091620432,872517,0,1.005859375,-0.041015625,0.013671875,-0.02734375,0.0,0.0,0.0
1091621684,872518,0,1.0,-0.041015625,0.009765625,-0.03125,0.0,0.0,0.0
1091622934,872519,0,1.0,-0.0390625,0.017578125,-0.021484375,0.0,0.0,0.0
1091624185,872520,0,1.001953125,-0.03515625,0.015625,-0.01953125,0.0,0.0,0.0
1091625436,872521,0,1.005859375,-0.037109375,0.013671875,-0.0234375,0.0,0.0,0.0
1091626687,872522,0,1.005859375,-0.033203125,0.013671875,-0.01953125,0.0,0.0,0.0
1091627937,872523,0,1.009765625,-0.037109375,0.013671875,-0.0234375,0.0,0.0,0.0
1091629187,872524,0,1.009765625,-0.0390625,0.015625,-0.0234375,0.0,0.0,0.0
1091630439,872525,0,0.998046875,-0.037109375,0.013671875,-0.0234375,0.0,0.0,0.0
1091631690,872526,0,1.00390625,-0.033203125,0.017578125,-0.015625,0.0,0.0,0.0
1091632940,872527,0,1.0,-0.037109375,0.0234375,-0.013671875,0.0,0.0,0.0
1091634192,872528,0,0.994140625,-0.041015625,0.017578125,-0.0234375,0.0,0.0,0.0
1091635443,872529,0,0.99609375,-0.037109375,0.015625,-0.021484375,0.0,0.0,0.0
1091636694,872530,0,1.009765625,-0.03515625,0.017578125,-0.017578125,0.0,0.0,0.0
1091637944,872531,0,0.994140625,-0.037109375,0.017578125,-0.01953125,0.0,0.0,0.0
1091639194,872532,0,0.998046875,-0.0390625,0.009765625,-0.029296875,0.0,0.0,0.0
1091640445,872533,0,1.017578125,-0.0390625,0.017578125,-0.021484375,0.0,0.0,0.0
1091641697,872534,0,1.001953125,-0.041015625,0.017578125,-0.0234375,0.0,0.0,0.0
1091642947,872535,0,1.0,-0.037109375,0.015625,-0.021484375,0.0,0.0,0.0
1091644199,872536,0,1.001953125,-0.03515625,0.015625,-0.01953125,0.0,0.0,0.0
1091645449,872537,0,1.001953125,-0.037109375,0.017578125,-0.01953125,0.0,0.0,0.0
1091646701,872538,0,1.00390625,-0.03125,0.015625,-0.015625,0.0,0.0,0.0
1091647951,872539,0,1.00390625,-0.03515625,0.015625,-0.01953125,0.0,0.0,0.0
1091649202,872540,0,0.998046875,-0.037109375,0.01953125,-0.017578125,0.0,0.0,0.0
1091650454,872541,0,1.0,-0.037109375,0.013671875,-0.0234375,0.0,0.0,0.0
1091651704,872542,0,1.0,-0.0390625,0.015625,-0.0234375,0.0,0.0,0.0
1091652955,872543,0,1.005859375,-0.037109375,0.013671875,-0.0234375,0.0,0.0,0.0
1091654206,872544,0,1.00390625,-0.03515625,0.015625,-0.01953125,0.0,0.0,0.0
1091655457,872545,0,1.01171875,-0.03515625,0.01953125,-0.015625,0.0,0.0,0.0
1091656708,872546,0,1.0078125,-0.03515625,0.015625,-0.01953125,0.0,0.0,0.0
1091657959,872547,0,1.009765625,-0.03515625,0.01953125,-0.015625,0.0,0.0,0.0
1091659211,872548,0,1.009765625,-0.037109375,0.017578125,-0.01953125,0.0,0.0,0.0
1091660463,872549,0,1.00390625,-0.0390625,0.013671875,-0.025390625,0.0,0.0,0.0
1091661713,872550,0,0.998046875,-0.033203125,0.01953125,-0.013671875,0.0,0.0,0.0
1091662965,872551,0,0.994140625,-0.037109375,0.01171875,-0.025390625,0.0,0.0,0.0
1091664215,872552,0,1.005859375,-0.037109375,0.013671875,-0.0234375,0.0,0.0,0.0
1091665466,872553,0,1.0,-0.037109375,0.01171875,-0.025390625,0.0,0.0,0.0
1091666716,872554,0,1.001953125,-0.0390625,0.015625,-0.0234375,0.0,0.0,0.0
1091667966,872555,0,1.005859375,-0.03515625,0.013671875,-0.021484375,0.0,0.0,0.0
1091669216,872556,0,1.005859375,-0.037109375,0.015625,-0.021484375,0.0,0.0,0.0
1091670468,872557,0,1.00390625,-0.033203125,0.01171875,-0.021484375,0.0,0.0,0.0
1091671719,872558,0,1.001953125,-0.03515625,0.013671875,-0.021484375,0.0,0.0,0.0
1091672969,872559,0,1.0,-0.037109375,0.021484375,-0.015625,0.0,0.0,0.0
1091674221,872560,0,1.0,-0.033203125,0.005859375,-0.02734375,0.0,0.0,0.0
1091675471,872561,0,1.00390625,-0.041015625,0.013671875,-0.02734375,0.0,0.0,0.0
1091676723,872562,0,1.001953125,-0.037109375,0.01171875,-0.025390625,0.0,0.0,0.0
1091677973,872563,0,1.001953125,-0.037109375,0.01953125,-0.017578125,0.0,0.0,0.0
1091679225,872564,0,1.001953125,-0.037109375,0.013671875,-0.0234375,0.0,0.0,0.0
1091680476,872565,0,1.001953125,-0.03515625,0.017578125,-0.017578125,0.0,0.0,0.0
1091681727,872566,0,1.005859375,-0.033203125,0.013671875,-0.01953125,0.0,0.0,0.0
1091682977,872567,0,1.009765625,-0.03515625,0.015625,-0.01953125,0.0,0.0,0.0
1091684228,872568,0,1.001953125,-0.0390625,0.017578125,-0.021484375,0.0,0.0,0.0
1091685479,872569,0,1.0,-0.03515625,0.015625,-0.01953125,0.0,0.0,0.0
1091686730,872570,0,0.994140625,-0.0390625,0.01953125,-0.01953125,0.0,0.0,0.0
1091687981,872571,0,1.0078125,-0.0390625,0.00390625,-0.03515625,0.0,0.0,0.0
1091689233,872572,0,1.017578125,-0.03515625,0.01171875,-0.0234375,0.0,0.0,0.0
1091690484,872573,0,1.009765625,-0.033203125,0.009765625,-0.0234375,0.0,0.0,0.0
1091691734,872574,0,1.001953125,-0.033203125,0.013671875,-0.01953125,0.0,0.0,0.0
1091692984,872575,0,0.994140625,-0.037109375,0.015625,-0.021484375,0.0,0.0,0.0
1091694235,872576,0,1.0,-0.03515625,0.013671875,-0.021484375,0.0,0.0,0.0
1091695486,872577,0,1.00390625,-0.033203125,0.013671875,-0.01953125,0.0,0.0,0.0
1091696737,872578,0,1.005859375,-0.03515625,0.021484375,-0.013671875,0.0,0.0,0.0
1091697987,872579,0,1.0078125,-0.037109375,0.013671875,-0.0234375,0.0,0.0,0.0
1091699238,872580,0,1.00390625,-0.029296875,0.015625,-0.013671875,0.0,0.0,0.0
1091700489,872581,0,1.005859375,-0.037109375,0.015625,-0.021484375,0.0,0.0,0.0
1091701740,872582,0,1.005859375,-0.03515625,0.01953125,-0.015625,0.0,0.0,0.0
1091702992,872583,0,1.00390625,-0.041015625,0.015625,-0.025390625,0.0,0.0,0.0
1091704242,872584,0,1.0,-0.03515625,0.01953125,-0.015625,0.0,0.0,0.0
1091705493,872585,0,0.998046875,-0.03515625,0.015625,-0.01953125,0.0,0.0,0.0
1091706744,872586,0,1.00390625,-0.037109375,0.015625,-0.021484375,0.0,0.0,0.0
1091707994,872587,0,1.0,-0.03515625,0.017578125,-0.017578125,0.0,0.0,0.0
1091709245,872588,0,1.001953125,-0.041015625,0.01953125,-0.021484375,0.0,0.0,0.0
1091710497,872589,0,1.015625,-0.029296875,0.015625,-0.013671875,0.0,0.0,0.0
1091711749,872590,0,1.015625,-0.037109375,0.025390625,-0.01171875,0.0,0.0,0.0
1091712999,872591,0,1.005859375,-0.037109375,0.015625,-0.021484375,0.0,0.0,0.0
1091714250,872592,0,1.005859375,-0.03515625,0.015625,-0.01953125,0.0,0.0,0.0
1091715500,872593,0,1.0,-0.03515625,0.01171875,-0.0234375,0.0,0.0,0.0
1091716752,872594,0,1.00390625,-0.041015625,0.017578125,-0.0234375,0.0,0.0,0.0
1091718003,872595,0,1.015625,-0.03515625,0.015625,-0.01953125,0.0,0.0,0.0
1091719254,872596,0,1.0078125,-0.033203125,0.013671875,-0.01953125,0.0,0.0,0.0
1091720504,872597,0,1.00390625,-0.03515625,0.01953125,-0.015625,0.0,0.0,0.0
1091721756,872598,0,1.00390625,-0.033203125,0.01953125,-0.013671875,0.0,0.0,0.0
1091723006,872599,0,1.005859375,-0.03515625,0.013671875,-0.021484375,0.0,0.0,0.0
1091724257,872600,0,1.0,-0.037109375,0.021484375,-0.015625,0.0,0.0,0.0
1091725508,872601,0,1.005859375,-0.03515625,0.009765625,-0.025390625,0.0,0.0,0.0
1091726759,872602,0,1.009765625,-0.041015625,0.017578125,-0.0234375,0.0,0.0,0.0
1091728009,872603,0,1.005859375,-0.03515625,0.015625,-0.01953125,0.0,0.0,0.0
1091729259,872604,0,1.005859375,-0.037109375,0.013671875,-0.0234375,0.0,0.0,0.0
1091730510,872605,0,1.0078125,-0.033203125,0.017578125,-0.015625,0.0,0.0,0.0
1091731762,872606,0,1.00390625,-0.033203125,0.015625,-0.017578125,0.0,0.0,0.0
1091733013,872607,0,1.0078125,-0.037109375,0.013671875,-0.0234375,0.0,0.0,0.0
1091734271,872608,0,1.005859375,-0.041015625,0.021484375,-0.01953125,0.0,0.0,0.0
1091735522,872609,0,1.0,-0.033203125,0.01171875,-0.021484375,0.0,0.0,0.0
1091736773,872610,0,1.00390625,-0.0390625,0.015625,-0.0234375,0.0,0.0,0.0
1091738025,872611,0,1.005859375,-0.037109375,0.021484375,-0.015625,0.0,0.0,0.0
1091739277,872612,0,0.99609375,-0.037109375,0.01953125,-0.017578125,0.0,0.0,0.0
1091740528,872613,0,1.0,-0.044921875,0.01953125,-0.025390625,0.0,0.0,0.0
1091741779,872614,0,1.001953125,-0.03125,0.013671875,-0.017578125,0.0,0.0,0.0
1091743031,872615,0,1.00390625,-0.033203125,0.009765625,-0.0234375,0.0,0.0,0.0
1091744283,872616,0,1.005859375,-0.033203125,0.009765625,-0.0234375,0.0,0.0,0.0
1091745535,872617,0,0.99609375,-0.03125,0.017578125,-0.013671875,0.0,0.0,0.0
1091746786,872618,0,1.009765625,-0.03515625,0.013671875,-0.021484375,0.0,0.0,0.0
1091748036,872619,0,1.001953125,-0.037109375,0.01171875,-0.025390625,0.0,0.0,0.0
1091749287,872620,0,1.005859375,-0.03515625,0.015625,-0.01953125,0.0,0.0,0.0
1091750537,872621,0,1.00390625,-0.037109375,0.017578125,-0.01953125,0.0,0.0,0.0
1091751787,872622,0,1.0,-0.037109375,0.015625,-0.021484375,0.0,0.0,0.0
1091753038,872623,0,0.998046875,-0.03515625,0.01171875,-0.0234375,0.0,0.0,0.0
1091754289,872624,0,1.00390625,-0.03515625,0.01171875,-0.0234375,0.0,0.0,0.0
1091755539,872625,0,1.0078125,-0.037109375,0.017578125,-0.01953125,0.0,0.0,0.0
1091756790,872626,0,0.99609375,-0.037109375,0.009765625,-0.02734375,0.0,0.0,0.0
1091758042,872627,0,0.99609375,-0.037109375,0.009765625,-0.02734375,0.0,0.0,0.0
1091759292,872628,0,1.005859375,-0.037109375,0.017578125,-0.01953125,0.0,0.0,0.0
1091760543,872629,0,1.00390625,-0.0390625,0.013671875,-0.025390625,0.0,0.0,0.0
1091761794,872630,0,1.0,-0.044921875,0.013671875,-0.03125,0.0,0.0,0.0
1091763044,872631,0,1.005859375,-0.0390625,0.005859375,-0.033203125,0.0,0.0,0.0
1091764294,872632,0,1.0078125,-0.03125,0.017578125,-0.013671875,0.0,0.0,0.0
1091765544,872633,0,1.001953125,-0.0390625,0.005859375,-0.033203125,0.0,0.0,0.0
1091766796,872634,0,1.00390625,-0.033203125,0.005859375,-0.02734375,0.0,0.0,0.0
1091768047,872635,0,1.0078125,-0.033203125,0.01953125,-0.013671875,0.0,0.0,0.0
1091769297,872636,0,1.009765625,-0.03515625,0.015625,-0.01953125,0.0,0.0,0.0
1091770548,872637,0,0.998046875,-0.033203125,0.021484375,-0.01171875,0.0,0.0,0.0
1091771800,872638,0,0.98828125,-0.037109375,0.017578125,-0.01953125,0.0,0.0,0.0
1091773050,872639,0,1.001953125,-0.03515625,0.015625,-0.01953125,0.0,0.0,0.0
1091774300,872640,0,1.001953125,-0.0390625,0.013671875,-0.025390625,0.0,0.0,0.0
1091775550,872641,0,1.00390625,-0.041015625,0.01953125,-0.021484375,0.0,0.0,0.0
1091776801,872642,0,1.005859375,-0.041015625,0.013671875,-0.02734375,0.0,0.0,0.0
1091778052,872643,0,1.0,-0.04296875,0.017578125,-0.025390625,0.0,0.0,0.0
1091779302,872644,0,1.00390625,-0.041015625,0.009765625,-0.03125,0.0,0.0,0.0
1091780553,872645,0,1.001953125,-0.04296875,0.013671875,-0.029296875,0.0,0.0,0.0
1091781804,872646,0,1.001953125,-0.041015625,0.0078125,-0.033203125,0.0,0.0,0.0
1091783054,872647,0,0.998046875,-0.037109375,0.005859375,-0.03125,0.0,0.0,0.0
1091784305,872648,0,0.998046875,-0.037109375,0.01171875,-0.025390625,0.0,0.0,0.0
1091785556,872649,0,1.005859375,-0.0390625,0.013671875,-0.025390625,0.0,0.0,0.0
1091786807,872650,0,1.005859375,-0.041015625,0.017578125,-0.0234375,0.0,0.0,0.0
1091788058,872651,0,1.001953125,-0.041015625,0.015625,-0.025390625,0.0,0.0,0.0
1091789310,872652,0,0.994140625,-0.044921875,0.017578125,-0.02734375,0.0,0.0,0.0
1091790560,872653,0,1.005859375,-0.0390625,0.013671875,-0.025390625,0.0,0.0,0.0
1091791810,872654,0,0.990234375,-0.041015625,0.01171875,-0.029296875,0.0,0.0,0.0
1091793060,872655,0,1.0078125,-0.041015625,0.017578125,-0.0234375,0.0,0.0,0.0
1091794311,872656,0,1.015625,-0.046875,0.00390625,-0.04296875,0.0,0.0,0.0
1091795561,872657,0,1.0078125,-0.041015625,0.017578125,-0.0234375,0.0,0.0,0.0
1091796813,872658,0,1.001953125,-0.044921875,0.009765625,-0.03515625,0.0,0.0,0.0
1091798063,872659,0,1.001953125,-0.044921875,0.00390625,-0.041015625,0.0,0.0,0.0
1091799313,872660,0,1.0,-0.041015625,0.009765625,-0.03125,0.0,0.0,0.0
1091800565,872661,0,1.00390625,-0.037109375,0.015625,-0.021484375,0.0,0.0,0.0
1091801816,872662,0,1.00390625,-0.037109375,0.015625,-0.021484375,0.0,0.0,0.0
1091803066,872663,0,1.0,-0.048828125,0.015625,-0.033203125,0.0,0.0,0.0
1091804316,872664,0,0.994140625,-0.044921875,0.005859375,-0.0390625,0.0,0.0,0.0
1091805567,872665,0,0.998046875,-0.041015625,0.0078125,-0.033203125,0.0,0.0,0.0
1091806817,872666,0,1.005859375,-0.048828125,0.01171875,-0.037109375,0.0,0.0,0.0
1091808069,872667,0,1.001953125,-0.044921875,0.005859375,-0.0390625,0.0,0.0,0.0
1091809319,872668,0,1.0078125,-0.041015625,0.0078125,-0.033203125,0.0,0.0,0.0
1091810570,872669,0,0.998046875,-0.04296875,0.009765625,-0.033203125,0.0,0.0,0.0
1091811822,872670,0,0.998046875,-0.044921875,0.00390625,-0.041015625,0.0,0.0,0.0
1091813072,872671,0,1.001953125,-0.05078125,0.00390625,-0.046875,0.0,0.0,0.0
1091814322,872672,0,1.013671875,-0.052734375,0.005859375,-0.046875,0.0,0.0,0.0
1091815572,872673,0,1.01171875,-0.072265625,-0.01171875,-0.083984375,0.0,0.0,0.0
1091816823,872674,0,0.9921875,-0.072265625,0.0,-0.072265625,0.0,0.0,0.0
1091818075,872675,0,1.00390625,-0.056640625,-0.005859375,-0.0625,0.0,0.0,0.0
1091819326,872676,0,0.994140625,-0.048828125,0.01171875,-0.037109375,0.0,0.0,0.0
1091820576,872677,0,0.99609375,-0.0390625,0.005859375,-0.033203125,0.0,0.0,0.0
1091821827,872678,0,1.005859375,-0.044921875,0.0078125,-0.037109375,0.0,0.0,0.0
1091823077,872679,0,0.986328125,-0.044921875,0.001953125,-0.04296875,0.0,0.0,0.0
1091824327,872680,0,0.994140625,-0.08984375,-0.0078125,-0.09765625,0.0,0.0,0.0
1091825578,872681,0,0.984375,-0.099609375,-0.0234375,-0.123046875,0.0,0.0,0.0
1091826829,872682,0,0.994140625,-0.095703125,-0.029296875,-0.125,0.0,0.0,0.0
1091828080,872683,0,0.982421875,-0.091796875,-0.0234375,-0.115234375,0.0,0.0,0.0
1091829332,872684,0,0.984375,-0.095703125,-0.013671875,-0.109375,0.0,0.0,0.0
1091830582,872685,0,0.98828125,-0.099609375,-0.0234375,-0.123046875,0.0,0.0,0.0
1091831834,872686,0,0.984375,-0.103515625,-0.015625,-0.119140625,0.0,0.0,0.0
1091833085,872687,0,0.98046875,-0.138671875,-0.03515625,-0.173828125,0.0,0.0,0.0
1091834335,872688,0,0.970703125,-0.2890625,-0.083984375,-0.373046875,0.0,0.0,0.0
1091835586,872689,0,0.638671875,-2.6328125,-1.251953125,-3.884765625,0.0,0.0,0.0
1091836838,872690,0,0.953125,-1.10546875,0.03515625,-1.0703125,0.0,0.0,0.0
1091838088,872691,0,1.27734375,-0.12109375,-0.0390625,-0.16015625,0.0,0.0,0.0
1091839338,872692,0,1.234375,0.01953125,0.208984375,0.228515625,0.0,0.0,0.0
1091840589,872693,0,0.890625,0.09765625,-0.078125,0.01953125,0.0,0.0,0.0
1091841839,872694,0,1.0859375,-0.205078125,0.107421875,-0.09765625,0.0,0.0,0.0
1091843091,872695,0,1.0,-0.412109375,-0.197265625,-0.609375,0.0,0.0,0.0
1091844341,872696,0,0.986328125,-0.478515625,-0.146484375,-0.625,0.0,0.0,0.0
1091845592,872697,0,0.958984375,-0.44140625,-0.14453125,-0.5859375,0.0,0.0,0.0
1091846844,872698,0,0.9375,-0.4140625,-0.150390625,-0.564453125,0.0,0.0,0.0
1091848094,872699,0,1.056640625,-0.3984375,-0.166015625,-0.564453125,0.0,0.0,0.0
1091849344,872700,0,1.00390625,-0.37109375,-0.10546875,-0.4765625,0.0,0.0,0.0
1091850595,872701,0,0.92578125,-0.330078125,-0.150390625,-0.48046875,0.0,0.0,0.0
1091851846,872702,0,1.056640625,-0.251953125,-0.138671875,-0.390625,0.0,0.0,0.0
1091853096,872703,0,1.056640625,-0.11328125,-0.068359375,-0.181640625,0.0,0.0,0.0
1091854346,872704,0,0.939453125,-0.080078125,-0.1015625,-0.181640625,0.0,0.0,0.0
1091855597,872705,0,1.052734375,0.017578125,-0.0234375,-0.005859375,0.0,0.0,0.0
1091856847,872706,0,0.98828125,0.052734375,-0.0234375,0.029296875,0.0,0.0,0.0
1091858097,872707,0,0.958984375,0.01953125,-0.009765625,0.009765625,0.0,0.0,0.0
1091859349,872708,0,1.017578125,-0.322265625,-0.125,-0.447265625,0.0,0.0,0.0
1091860599,872709,0,1.01171875,-1.01171875,-0.3046875,-1.31640625,0.0,0.0,0.0
1091861850,872710,0,0.984375,-1.953125,-0.6953125,-2.6484375,0.0,0.0,0.0
1091863101,872711,0,0.974609375,-1.841796875,-0.787109375,-2.62890625,0.0,0.0,0.0
1091864351,872712,0,0.71484375,-3.552734375,-0.564453125,-4.1171875,0.0,0.0,0.0
1091865602,872713,0,0.599609375,-4.0,-2.6875,-6.6875,0.0,0.0,0.0
1091866853,872714,0,1.232421875,-4.0,-2.353515625,-6.353515625,0.0,0.0,0.0
1091868103,872715,0,0.79296875,-2.404296875,-1.712890625,-4.1171875,0.0,0.0,0.0
1091869355,872716,0,0.91796875,-0.759765625,-1.337890625,-2.09765625,0.0,0.0,0.0
1091870606,872717,0,1.09765625,1.09375,-0.77734375,0.31640625,0.0,0.0,0.0
1091871856,872718,0,1.416015625,2.490234375,-0.240234375,2.25,0.0,0.0,0.0
1091873108,872719,0,0.96484375,3.72265625,0.595703125,4.318359375,0.0,0.0,0.0
1091874359,872720,0,0.978515625,3.998046875,0.787109375,4.78515625,0.0,0.0,0.0
1091875610,872721,0,1.287109375,3.998046875,1.671875,5.669921875,0.0,0.0,0.0
1091876860,872722,0,1.193359375,3.998046875,1.70703125,5.705078125,0.0,0.0,0.0
1091878110,872723,0,1.126953125,3.998046875,1.701171875,5.69921875,0.0,0.0,0.0
1091879362,872724,0,1.28125,3.998046875,1.51953125,5.517578125,0.0,0.0,0.0
1091880614,872725,0,1.044921875,3.486328125,1.1640625,4.650390625,0.0,0.0,0.0
1091881865,872726,0,1.1171875,2.486328125,0.802734375,3.2890625,0.0,0.0,0.0
1091883115,872727,0,0.951171875,1.384765625,0.419921875,1.8046875,0.0,0.0,0.0
1091884366,872728,0,0.953125,0.361328125,-0.060546875,0.30078125,0.0,0.0,0.0
1091885616,872729,0,1.08203125,-0.66015625,-0.3515625,-1.01171875,0.0,0.0,0.0
1091886867,872730,0,0.947265625,-1.556640625,-0.609375,-2.166015625,0.0,0.0,0.0
1091888118,872731,0,0.92578125,-2.26171875,-0.8359375,-3.09765625,0.0,0.0,0.0
1091889368,872732,0,0.9609375,-2.775390625,-0.91015625,-3.685546875,0.0,0.0,0.0
1091890619,872733,0,0.8359375,-3.02734375,-0.97265625,-4.0,0.0,0.0,0.0
1091891871,872734,0,0.8359375,-3.0625,-1.00390625,-4.06640625,0.0,0.0,0.0
1091893121,872735,0,0.92578125,-2.861328125,-0.921875,-3.783203125,0.0,0.0,0.0
1091894371,872736,0,0.904296875,-2.494140625,-0.833984375,-3.328125,0.0,0.0,0.0
1091895623,872737,0,0.93359375,-1.9609375,-0.70703125,-2.66796875,0.0,0.0,0.0
1091896873,872738,0,0.9921875,-1.369140625,-0.505859375,-1.875,0.0,0.0,0.0
1091898124,872739,0,0.98046875,-0.6875,-0.3203125,-1.0078125,0.0,0.0,0.0
1091899376,872740,0,0.998046875,-0.015625,-0.1171875,-0.1328125,0.0,0.0,0.0
1091900626,872741,0,1.0078125,0.58203125,0.103515625,0.685546875,0.0,0.0,0.0
1091901877,872742,0,1.0,1.09375,0.287109375,1.380859375,0.0,0.0,0.0
1091903127,872743,0,1.09375,1.4921875,0.427734375,1.919921875,0.0,0.0,0.0
1091904377,872744,0,1.103515625,1.736328125,0.568359375,2.3046875,0.0,0.0,0.0
1091905629,872745,0,1.056640625,1.85546875,0.60546875,2.4609375,0.0,0.0,0.0
1091906879,872746,0,1.087890625,1.83984375,0.6328125,2.47265625,0.0,0.0,0.0
1091908130,872747,0,1.0703125,1.677734375,0.603515625,2.28125,0.0,0.0,0.0
1091909381,872748,0,1.021484375,1.43359375,0.51953125,1.953125,0.0,0.0,0.0
1091910631,872749,0,1.03515625,1.095703125,0.400390625,1.49609375,0.0,0.0,0.0
1091911883,872750,0,1.048828125,0.708984375,0.265625,0.974609375,0.0,0.0,0.0
1091913134,872751,0,1.041015625,0.30078125,0.109375,0.41015625,0.0,0.0,0.0
1091914384,872752,0,1.03125,-0.09375,-0.021484375,-0.115234375,0.0,0.0,0.0
1091915635,872753,0,0.97265625,-0.46484375,-0.126953125,-0.591796875,0.0,0.0,0.0
1091916887,872754,0,0.876953125,-0.734375,-0.25,-0.984375,0.0,0.0,0.0
1091918137,872755,0,0.962890625,-0.98828125,-0.3046875,-1.29296875,0.0,0.0,0.0
1091919388,872756,0,0.955078125,-1.107421875,-0.328125,-1.435546875,0.0,0.0,0.0
1091920639,872757,0,0.95703125,-1.181640625,-0.3671875,-1.548828125,0.0,0.0,0.0
1091921889,872758,0,0.998046875,-1.14453125,-0.33984375,-1.484375,0.0,0.0,0.0
1091923140,872759,0,0.98046875,-1.015625,-0.3203125,-1.3359375,0.0,0.0,0.0
1091924392,872760,0,0.962890625,-0.833984375,-0.25,-1.083984375,0.0,0.0,0.0
1091925642,872761,0,0.978515625,-0.6015625,-0.1953125,-0.796875,0.0,0.0,0.0
1091926894,872762,0,0.97265625,-0.33984375,-0.109375,-0.44921875,0.0,0.0,0.0
1091928145,872763,0,0.978515625,-0.087890625,-0.03515625,-0.123046875,0.0,0.0,0.0
1091929396,872764,0,1.015625,0.14453125,0.123046875,0.267578125,0.0,0.0,0.0
1091930647,872765,0,1.029296875,0.3515625,0.181640625,0.533203125,0.0,0.0,0.0
1091931899,872766,0,1.0546875,0.6484375,0.23828125,0.88671875,0.0,0.0,0.0
1091933150,872767,0,1.01953125,0.71484375,0.263671875,0.978515625,0.0,0.0,0.0
1091934400,872768,0,1.01953125,0.7109375,0.255859375,0.966796875,0.0,0.0,0.0
1091935652,872769,0,1.029296875,0.658203125,0.255859375,0.9140625,0.0,0.0,0.0
1091936902,872770,0,1.029296875,0.564453125,0.21875,0.783203125,0.0,0.0,0.0
1091938152,872771,0,1.03515625,0.4296875,0.1640625,0.59375,0.0,0.0,0.0
1091939402,872772,0,1.01953125,0.26953125,0.11328125,0.3828125,0.0,0.0,0.0
1091940653,872773,0,1.037109375,0.09765625,0.06640625,0.1640625,0.0,0.0,0.0
1091941904,872774,0,1.015625,-0.033203125,0.01171875,-0.021484375,0.0,0.0,0.0
1091943154,872775,0,0.990234375,-0.181640625,-0.033203125,-0.21484375,0.0,0.0,0.0
1091944406,872776,0,0.978515625,-0.3046875,-0.0859375,-0.390625,0.0,0.0,0.0
1091945657,872777,0,0.9921875,-0.396484375,-0.115234375,-0.51171875,0.0,0.0,0.0
1091946907,872778,0,1.001953125,-0.44921875,-0.12890625,-0.578125,0.0,0.0,0.0
1091948158,872779,0,0.98828125,-0.478515625,-0.130859375,-0.609375,0.0,0.0,0.0
1091949408,872780,0,0.99609375,-0.466796875,-0.12890625,-0.595703125,0.0,0.0,0.0
1091950659,872781,0,0.998046875,-0.41796875,-0.12109375,-0.5390625,0.0,0.0,0.0
1091951910,872782,0,0.978515625,-0.341796875,-0.095703125,-0.4375,0.0,0.0,0.0
1091953160,872783,0,0.978515625,-0.251953125,-0.0546875,-0.306640625,0.0,0.0,0.0
1091954410,872784,0,0.98828125,-0.158203125,-0.0390625,-0.197265625,0.0,0.0,0.0
1091955662,872785,0,1.013671875,-0.05859375,-0.0078125,-0.06640625,0.0,0.0,0.0
1091956912,872786,0,1.015625,0.037109375,0.0234375,0.060546875,0.0,0.0,0.0
1091958163,872787,0,1.02734375,0.115234375,0.052734375,0.16796875,0.0,0.0,0.0
1091959413,872788,0,1.01953125,0.1796875,0.080078125,0.259765625,0.0,0.0,0.0
1091960664,872789,0,1.017578125,0.21875,0.095703125,0.314453125,0.0,0.0,0.0
1091961915,872790,0,1.0078125,0.240234375,0.109375,0.349609375,0.0,0.0,0.0
1091963167,872791,0,1.009765625,0.244140625,0.109375,0.353515625,0.0,0.0,0.0
1091964417,872792,0,1.025390625,0.224609375,0.091796875,0.31640625,0.0,0.0,0.0
1091965668,872793,0,1.025390625,0.185546875,0.078125,0.263671875,0.0,0.0,0.0
1091966920,872794,0,1.0078125,0.130859375,0.068359375,0.19921875,0.0,0.0,0.0
1091968171,872795,0,1.009765625,0.068359375,0.04296875,0.111328125,0.0,0.0,0.0
1091969422,872796,0,1.001953125,0.00390625,0.025390625,0.029296875,0.0,0.0,0.0
1091970674,872797,0,0.99609375,-0.056640625,0.001953125,-0.0546875,0.0,0.0,0.0
1091971924,872798,0,0.99609375,-0.109375,-0.015625,-0.125,0.0,0.0,0.0
1091973175,872799,0,0.99609375,-0.150390625,-0.033203125,-0.18359375,0.0,0.0,0.0
1091974426,872800,0,1.001953125,-0.18359375,-0.0390625,-0.22265625,0.0,0.0,0.0
1091975677,872801,0,0.99609375,-0.19921875,-0.048828125,-0.248046875,0.0,0.0,0.0
1091976928,872802,0,1.005859375,-0.203125,-0.0546875,-0.2578125,0.0,0.0,0.0
1091978179,872803,0,0.998046875,-0.197265625,-0.0546875,-0.251953125,0.0,0.0,0.0
1091979431,872804,0,1.005859375,-0.1796875,-0.0390625,-0.21875,0.0,0.0,0.0
1091980681,872805,0,0.9921875,-0.14453125,-0.029296875,-0.173828125,0.0,0.0,0.0
1091981932,872806,0,0.9921875,-0.10546875,-0.021484375,-0.126953125,0.0,0.0,0.0
1091983182,872807,0,0.998046875,-0.06640625,0.021484375,-0.044921875,0.0,0.0,0.0
1091984432,872808,0,1.005859375,-0.025390625,0.0234375,-0.001953125,0.0,0.0,0.0
1091985684,872809,0,1.005859375,0.041015625,0.033203125,0.07421875,0.0,0.0,0.0
1091986934,872810,0,1.005859375,0.072265625,0.041015625,0.11328125,0.0,0.0,0.0
1091988185,872811,0,1.001953125,0.08203125,0.052734375,0.134765625,0.0,0.0,0.0
1091989436,872812,0,1.009765625,0.091796875,0.0546875,0.146484375,0.0,0.0,0.0
1091990687,872813,0,1.01171875,0.083984375,0.052734375,0.13671875,0.0,0.0,0.0
1091991937,872814,0,1.005859375,0.078125,0.052734375,0.130859375,0.0,0.0,0.0
1091993187,872815,0,1.005859375,0.064453125,0.044921875,0.109375,0.0,0.0,0.0
1091994439,872816,0,1.013671875,0.03515625,0.033203125,0.068359375,0.0,0.0,0.0
1091995690,872817,0,1.005859375,0.009765625,0.02734375,0.037109375,0.0,0.0,0.0
1091996940,872818,0,1.0,-0.017578125,0.01953125,0.001953125,0.0,0.0,0.0
1091998192,872819,0,1.001953125,-0.03515625,0.015625,-0.01953125,0.0,0.0,0.0
1091999443,872820,0,1.01171875,-0.05859375,0.0,-0.05859375,0.0,0.0,0.0
1092000694,872821,0,1.005859375,-0.07421875,-0.005859375,-0.080078125,0.0,0.0,0.0
1092001944,872822,0,1.005859375,-0.083984375,-0.001953125,-0.0859375,0.0,0.0,0.0
1092003194,872823,0,1.0,-0.09375,-0.013671875,-0.107421875,0.0,0.0,0.0
1092004445,872824,0,0.998046875,-0.091796875,-0.00390625,-0.095703125,0.0,0.0,0.0
1092005697,872825,0,1.0,-0.083984375,-0.01171875,-0.095703125,0.0,0.0,0.0
1092006947,872826,0,1.00390625,-0.08984375,-0.001953125,-0.091796875,0.0,0.0,0.0
1092008199,872827,0,1.009765625,-0.07421875,-0.013671875,-0.087890625,0.0,0.0,0.0
1092009449,872828,0,1.0078125,-0.052734375,0.005859375,-0.046875,0.0,0.0,0.0
1092010701,872829,0,1.013671875,-0.033203125,0.0078125,-0.025390625,0.0,0.0,0.0
1092011951,872830,0,1.0078125,-0.017578125,0.013671875,-0.00390625,0.0,0.0,0.0
1092013202,872831,0,1.0078125,-0.01171875,0.021484375,0.009765625,0.0,0.0,0.0
1092014454,872832,0,1.005859375,-0.005859375,0.021484375,0.015625,0.0,0.0,69435998208.0
1092016955,872834,0,1.0078125,0.01171875,0.02734375,0.0390625,0.0,0.0,0.0
1092018206,872835,0,1.0078125,0.013671875,0.029296875,0.04296875,0.0,0.0,0.0
1092019457,872836,0,1.009765625,0.0,0.025390625,0.025390625,0.0,0.0,0.0
1092020708,872837,0,1.01171875,0.00390625,0.021484375,0.025390625,0.0,0.0,0.0
1092021959,872838,0,1.005859375,-0.0078125,0.01953125,0.01171875,0.0,0.0,0.0
1092023211,872839,0,1.005859375,-0.015625,0.017578125,0.001953125,0.0,0.0,0.0
1092024463,872840,0,1.005859375,-0.029296875,0.009765625,-0.01953125,0.0,0.0,0.0
1092025713,872841,0,1.009765625,-0.037109375,0.013671875,-0.0234375,0.0,0.0,0.0
1092026965,872842,0,0.998046875,-0.048828125,0.0078125,-0.041015625,0.0,0.0,0.0
1092028215,872843,0,1.009765625,-0.052734375,0.001953125,-0.05078125,0.0,0.0,0.0
1092029466,872844,0,1.005859375,-0.068359375,-0.005859375,-0.07421875,0.0,0.0,0.0
1092030716,872845,0,1.00390625,-0.072265625,-0.01171875,-0.083984375,0.0,0.0,0.0
1092031966,872846,0,0.998046875,-0.068359375,-0.00390625,-0.072265625,0.0,0.0,0.0
1092033216,872847,0,0.994140625,-0.068359375,0.001953125,-0.06640625,0.0,0.0,0.0
1092034468,872848,0,0.994140625,-0.064453125,-0.001953125,-0.06640625,0.0,0.0,0.0
1092035719,872849,0,1.01171875,-0.05859375,0.0078125,-0.05078125,0.0,0.0,0.0
1092036969,872850,0,1.0,-0.0546875,0.00390625,-0.05078125,0.0,0.0,0.0
1092038221,872851,0,1.001953125,-0.037109375,0.0,-0.037109375,0.0,0.0,0.0
1092039471,872852,0,0.998046875,-0.02734375,0.01171875,-0.015625,0.0,0.0,0.0
1092040723,872853,0,1.0078125,-0.025390625,0.01171875,-0.013671875,0.0,0.0,0.0
1092041973,872854,0,1.001953125,-0.017578125,0.013671875,-0.00390625,0.0,0.0,0.0
1092043225,872855,0,1.001953125,-0.013671875,0.015625,0.001953125,0.0,0.0,0.0
1092044476,872856,0,1.009765625,-0.013671875,0.013671875,0.0,0.0,0.0,0.0
1092045727,872857,0,1.009765625,-0.013671875,0.01171875,-0.001953125,0.0,0.0,0.0
1092046977,872858,0,1.001953125,-0.013671875,0.015625,0.001953125,0.0,0.0,0.0
1092048228,872859,0,1.005859375,-0.013671875,0.013671875,0.0,0.0,0.0,0.0
1092049479,872860,0,1.00390625,-0.021484375,0.009765625,-0.01171875,0.0,0.0,0.0
1092050730,872861,0,1.0078125,-0.021484375,0.009765625,-0.01171875,0.0,0.0,0.0
1092051981,872862,0,1.005859375,-0.021484375,0.01171875,-0.009765625,0.0,0.0,0.0
1092053233,872863,0,1.00390625,-0.029296875,0.005859375,-0.0234375,0.0,0.0,0.0
1092054484,872864,0,1.001953125,-0.029296875,0.015625,-0.013671875,0.0,0.0,0.0
1092055734,872865,0,0.998046875,-0.03515625,0.001953125,-0.033203125,0.0,0.0,0.0
1092056984,872866,0,1.005859375,-0.03515625,0.0078125,-0.02734375,0.0,0.0,0.0
1092058235,872867,0,1.00390625,-0.037109375,0.00390625,-0.033203125,0.0,0.0,0.0
1092059486,872868,0,1.015625,-0.02734375,0.013671875,-0.013671875,0.0,0.0,0.0
1092060737,872869,0,1.001953125,-0.037109375,0.0078125,-0.029296875,0.0,0.0,0.0
1092061987,872870,0,1.013671875,-0.029296875,0.0,-0.029296875,0.0,0.0,0.0
1092063238,872871,0,1.00390625,-0.029296875,0.01171875,-0.017578125,0.0,0.0,0.0
1092064489,872872,0,1.001953125,-0.02734375,0.017578125,-0.009765625,0.0,0.0,0.0
1092065740,872873,0,0.998046875,-0.02734375,0.017578125,-0.009765625,0.0,0.0,0.0
1092066992,872874,0,1.00390625,-0.01953125,0.013671875,-0.005859375,0.0,0.0,0.0
1092068242,872875,0,1.001953125,-0.025390625,0.0078125,-0.017578125,0.0,0.0,0.0
1092069493,872876,0,1.00390625,-0.01953125,0.01171875,-0.0078125,0.0,0.0,0.0
1092070744,872877,0,1.0078125,-0.01953125,0.015625,-0.00390625,0.0,0.0,0.0
1092071994,872878,0,1.001953125,-0.021484375,0.013671875,-0.0078125,0.0,0.0,0.0
1092073245,872879,0,1.001953125,-0.01953125,0.017578125,-0.001953125,0.0,0.0,0.0
1092074497,872880,0,1.00390625,-0.021484375,0.01953125,-0.001953125,0.0,0.0,0.0
1092075749,872881,0,1.00390625,-0.025390625,0.0234375,-0.001953125,0.0,0.0,0.0
1092076999,872882,0,1.0078125,-0.0234375,0.01953125,-0.00390625,0.0,0.0,0.0
1092078250,872883,0,1.00390625,-0.02734375,0.01171875,-0.015625,0.0,0.0,0.0
1092079500,872884,0,1.00390625,-0.03125,0.015625,-0.015625,0.0,0.0,0.0
1092080752,872885,0,1.00390625,-0.03515625,0.01171875,-0.0234375,0.0,0.0,0.0
1092082003,872886,0,1.001953125,-0.041015625,0.01171875,-0.029296875,0.0,0.0,0.0
1092083254,872887,0,0.994140625,-0.033203125,0.009765625,-0.0234375,0.0,0.0,0.0
1092084504,872888,0,1.00390625,-0.0390625,0.009765625,-0.029296875,0.0,0.0,0.0
1092085756,872889,0,1.005859375,-0.03515625,0.0078125,-0.02734375,0.0,0.0,0.0
1092087006,872890,0,1.009765625,-0.04296875,0.00390625,-0.0390625,0.0,0.0,0.0
1092088257,872891,0,1.0,-0.041015625,-0.001953125,-0.04296875,0.0,0.0,0.0
1092089508,872892,0,1.01171875,-0.037109375,0.009765625,-0.02734375,0.0,0.0,0.0
1092090759,872893,0,1.0078125,-0.03515625,0.01171875,-0.0234375,0.0,0.0,0.0
1092092009,872894,0,1.005859375,-0.03515625,0.005859375,-0.029296875,0.0,0.0,0.0
1092093259,872895,0,1.005859375,-0.037109375,0.0078125,-0.029296875,0.0,0.0,0.0
1092094510,872896,0,0.99609375,-0.037109375,0.0078125,-0.029296875,0.0,0.0,0.0
1092095762,872897,0,1.005859375,-0.03515625,0.0078125,-0.02734375,0.0,0.0,0.0
1092097013,872898,0,1.00390625,-0.03515625,0.017578125,-0.017578125,0.0,0.0,0.0
1092098271,872899,0,1.005859375,-0.03515625,0.005859375,-0.029296875,0.0,0.0,0.0
1092099522,872900,0,1.0078125,-0.033203125,0.01171875,-0.021484375,0.0,0.0,0.0
1092100773,872901,0,1.00390625,-0.03125,0.009765625,-0.021484375,0.0,0.0,0.0
1092102025,872902,0,1.00390625,-0.03515625,0.009765625,-0.025390625,0.0,0.0,0.0
1092103277,872903,0,1.001953125,-0.037109375,0.0078125,-0.029296875,0.0,0.0,0.0
1092104528,872904,0,1.005859375,-0.03515625,0.017578125,-0.017578125,0.0,0.0,0.0
1092105779,872905,0,1.0078125,-0.037109375,0.01171875,-0.025390625,0.0,0.0,0.0
1092107031,872906,0,1.005859375,-0.037109375,0.001953125,-0.03515625,0.0,0.0,0.0
1092108283,872907,0,1.00390625,-0.037109375,0.005859375,-0.03125,0.0,0.0,0.0
1092109535,872908,0,1.001953125,-0.03515625,0.001953125,-0.033203125,0.0,0.0,0.0
1092110786,872909,0,1.00390625,-0.0390625,0.005859375,-0.033203125,0.0,0.0,0.0
1092112036,872910,0,1.009765625,-0.037109375,0.01171875,-0.025390625,0.0,0.0,0.0
1092113287,872911,0,1.00390625,-0.03125,0.005859375,-0.025390625,0.0,0.0,0.0
1092114537,872912,0,1.00390625,-0.033203125,0.009765625,-0.0234375,0.0,0.0,0.0
1092115787,872913,0,1.0078125,-0.03515625,0.009765625,-0.025390625,0.0,0.0,0.0
1092117038,872914,0,1.001953125,-0.037109375,0.0078125,-0.029296875,0.0,0.0,0.0
1092118289,872915,0,1.001953125,-0.033203125,0.005859375,-0.02734375,0.0,0.0,0.0
1092119539,872916,0,1.0,-0.025390625,0.01171875,-0.013671875,0.0,0.0,0.0
1092120790,872917,0,1.00390625,-0.033203125,0.01171875,-0.021484375,0.0,0.0,0.0
1092122042,872918,0,0.998046875,-0.033203125,0.0078125,-0.025390625,0.0,0.0,0.0
1092123292,872919,0,1.0078125,-0.03125,0.00390625,-0.02734375,0.0,0.0,0.0
1092124543,872920,0,1.00390625,-0.029296875,0.00390625,-0.025390625,0.0,0.0,0.0
1092125794,872921,0,1.0078125,-0.025390625,0.013671875,-0.01171875,0.0,0.0,0.0
1092127044,872922,0,1.0,-0.029296875,0.009765625,-0.01953125,0.0,0.0,0.0
1092128294,872923,0,1.00390625,-0.029296875,0.01171875,-0.017578125,0.0,0.0,0.0
1092129544,872924,0,0.998046875,-0.02734375,0.01171875,-0.015625,0.0,0.0,0.0
1092130796,872925,0,1.0,-0.02734375,0.0078125,-0.01953125,0.0,0.0,0.0
1092132047,872926,0,1.005859375,-0.025390625,0.017578125,-0.0078125,0.0,0.0,0.0
1092133297,872927,0,1.0,-0.01953125,0.01171875,-0.0078125,0.0,0.0,0.0
1092134548,872928,0,1.001953125,-0.0234375,0.009765625,-0.013671875,0.0,0.0,0.0
1092135800,872929,0,1.001953125,-0.02734375,0.013671875,-0.013671875,0.0,0.0,0.0
1092137050,872930,0,1.00390625,-0.025390625,0.017578125,-0.0078125,0.0,0.0,0.0
1092138300,872931,0,0.99609375,-0.02734375,0.013671875,-0.013671875,0.0,0.0,0.0
1092139550,872932,0,1.009765625,-0.0234375,0.01953125,-0.00390625,0.0,0.0,0.0
1092140801,872933,0,1.0078125,-0.02734375,0.015625,-0.01171875,0.0,0.0,0.0
1092142052,872934,0,1.005859375,-0.025390625,0.015625,-0.009765625,0.0,0.0,0.0
1092143302,872935,0,1.017578125,-0.029296875,0.01171875,-0.017578125,0.0,0.0,0.0
1092144553,872936,0,1.001953125,-0.029296875,0.00390625,-0.025390625,0.0,0.0,0.0
1092145804,872937,0,1.00390625,-0.02734375,0.0078125,-0.01953125,0.0,0.0,0.0
1092147054,872938,0,1.001953125,-0.03125,0.01171875,-0.01953125,0.0,0.0,0.0
1092148305,872939,0,1.0078125,-0.033203125,0.01171875,-0.021484375,0.0,0.0,0.0
1092149556,872940,0,1.005859375,-0.03515625,0.01171875,-0.0234375,0.0,0.0,0.0
1092150807,872941,0,1.005859375,-0.033203125,0.009765625,-0.0234375,0.0,0.0,0.0
1092152058,872942,0,1.00390625,-0.03515625,0.0078125,-0.02734375,0.0,0.0,0.0
1092153310,872943,0,1.0,-0.029296875,0.00390625,-0.025390625,0.0,0.0,0.0
1092154560,872944,0,1.005859375,-0.03125,0.0078125,-0.0234375,0.0,0.0,0.0
1092155810,872945,0,1.00390625,-0.03515625,0.01171875,-0.0234375,0.0,0.0,0.0
1092157060,872946,0,1.001953125,-0.037109375,0.005859375,-0.03125,0.0,0.0,0.0
1092158311,872947,0,1.00390625,-0.037109375,0.015625,-0.021484375,0.0,0.0,0.0
1092159561,872948,0,1.009765625,-0.03515625,0.009765625,-0.025390625,0.0,0.0,0.0
1092160813,872949,0,1.005859375,-0.037109375,0.01171875,-0.025390625,0.0,0.0,0.0
1092162063,872950,0,1.009765625,-0.037109375,0.009765625,-0.02734375,0.0,0.0,0.0
1092163313,872951,0,1.00390625,-0.03515625,0.009765625,-0.025390625,0.0,0.0,0.0
1092164565,872952,0,1.005859375,-0.03515625,-0.001953125,-0.037109375,0.0,0.0,0.0
1092165816,872953,0,1.013671875,-0.03515625,0.009765625,-0.025390625,0.0,0.0,0.0
1092167066,872954,0,1.005859375,-0.037109375,0.005859375,-0.03125,0.0,0.0,0.0
1092168316,872955,0,0.998046875,-0.037109375,0.0078125,-0.029296875,0.0,0.0,0.0
1092169567,872956,0,0.998046875,-0.03515625,0.001953125,-0.033203125,0.0,0.0,0.0
1092170817,872957,0,0.998046875,-0.033203125,0.009765625,-0.0234375,0.0,0.0,0.0
1092172069,872958,0,1.0,-0.041015625,0.005859375,-0.03515625,0.0,0.0,0.0
1092173319,872959,0,1.001953125,-0.037109375,0.009765625,-0.02734375,0.0,0.0,0.0
1092174570,872960,0,1.005859375,-0.037109375,0.01171875,-0.025390625,0.0,0.0,0.0
1092175822,872961,0,1.00390625,-0.041015625,0.01953125,-0.021484375,0.0,0.0,0.0
1092177072,872962,0,1.005859375,-0.037109375,0.0078125,-0.029296875,0.0,0.0,0.0
1092178322,872963,0,1.00390625,-0.03515625,0.015625,-0.01953125,0.0,0.0,0.0
1092179572,872964,0,1.0,-0.037109375,0.005859375,-0.03125,0.0,0.0,0.0
1092180823,872965,0,0.998046875,-0.03125,0.005859375,-0.025390625,0.0,0.0,0.0
1092182075,872966,0,1.00390625,-0.03515625,0.005859375,-0.029296875,0.0,0.0,0.0
1092183326,872967,0,1.001953125,-0.03515625,0.009765625,-0.025390625,0.0,0.0,0.0
1092184576,872968,0,1.00390625,-0.029296875,0.013671875,-0.015625,0.0,0.0,0.0
1092185827,872969,0,1.005859375,-0.033203125,0.015625,-0.017578125,0.0,0.0,0.0
1092187077,872970,0,1.0,-0.02734375,0.015625,-0.01171875,0.0,0.0,0.0
1092188327,872971,0,1.001953125,-0.029296875,0.015625,-0.013671875,0.0,0.0,0.0
1092189578,872972,0,1.0078125,-0.03125,0.013671875,-0.017578125,0.0,0.0,0.0
1092190829,872973,0,0.998046875,-0.0234375,0.013671875,-0.009765625,0.0,0.0,0.0
1092192080,872974,0,1.015625,-0.025390625,0.017578125,-0.0078125,0.0,0.0,0.0
1092193332,872975,0,1.009765625,-0.02734375,0.015625,-0.01171875,0.0,0.0,0.0
1092194582,872976,0,1.009765625,-0.033203125,0.015625,-0.017578125,0.0,0.0,0.0
1092195834,872977,0,1.00390625,-0.025390625,0.009765625,-0.015625,0.0,0.0,0.0
1092197085,872978,0,1.005859375,-0.03515625,0.001953125,-0.033203125,0.0,0.0,0.0
1092198335,872979,0,1.0078125,-0.03125,0.013671875,-0.017578125,0.0,0.0,0.0
1092199586,872980,0,1.005859375,-0.025390625,0.01171875,-0.013671875,0.0,0.0,0.0
1092200838,872981,0,1.001953125,-0.029296875,0.0078125,-0.021484375,0.0,0.0,0.0
1092202088,872982,0,1.00390625,-0.0234375,0.009765625,-0.013671875,0.0,0.0,0.0
1092203338,872983,0,1.0,-0.02734375,0.015625,-0.01171875,0.0,0.0,0.0
1092204589,872984,0,0.998046875,-0.02734375,0.013671875,-0.013671875,0.0,0.0,0.0
1092205839,872985,0,1.001953125,-0.029296875,0.01171875,-0.017578125,0.0,0.0,0.0
1092207091,872986,0,1.005859375,-0.02734375,0.01953125,-0.0078125,0.0,0.0,0.0
1092208341,872987,0,1.00390625,-0.029296875,0.009765625,-0.01953125,0.0,0.0,0.0
1092209592,872988,0,1.001953125,-0.029296875,0.005859375,-0.0234375,0.0,0.0,0.0
1092210844,872989,0,1.0078125,-0.029296875,0.009765625,-0.01953125,0.0,0.0,0.0
1092212094,872990,0,1.001953125,-0.025390625,0.009765625,-0.015625,0.0,0.0,0.0
1092213344,872991,0,1.0078125,-0.03125,0.015625,-0.015625,0.0,0.0,0.0
1092214595,872992,0,1.009765625,-0.029296875,0.013671875,-0.015625,0.0,0.0,0.0
1092215846,872993,0,1.005859375,-0.029296875,0.009765625,-0.01953125,0.0,0.0,0.0
1092217096,872994,0,1.00390625,-0.033203125,0.01171875,-0.021484375,0.0,0.0,0.0
1092218346,872995,0,0.994140625,-0.03125,0.013671875,-0.017578125,0.0,0.0,0.0
1092219597,872996,0,0.99609375,-0.033203125,0.013671875,-0.01953125,0.0,0.0,0.0
1092220847,872997,0,1.0078125,-0.037109375,0.01171875,-0.025390625,0.0,0.0,0.0
1092222097,872998,0,1.001953125,-0.02734375,0.009765625,-0.017578125,0.0,0.0,0.0
1092223349,872999,0,1.00390625,-0.029296875,0.001953125,-0.02734375,0.0,0.0,0.0
1092224599,873000,0,0.998046875,-0.033203125,0.021484375,-0.01171875,0.0,0.0,0.0
1092225850,873001,0,1.00390625,-0.033203125,0.01171875,-0.021484375,0.0,0.0,0.0
1092227101,873002,0,1.005859375,-0.033203125,0.005859375,-0.02734375,0.0,0.0,0.0
1092228351,873003,0,1.00390625,-0.033203125,0.01171875,-0.021484375,0.0,0.0,0.0
1092229602,873004,0,1.0,-0.033203125,0.01171875,-0.021484375,0.0,0.0,0.0
1092230853,873005,0,1.001953125,-0.03515625,0.0078125,-0.02734375,0.0,0.0,0.0
1092232103,873006,0,0.998046875,-0.03515625,0.0078125,-0.02734375,0.0,0.0,0.0
1092233355,873007,0,1.00390625,-0.03515625,0.005859375,-0.029296875,0.0,0.0,0.0
1092234606,873008,0,1.005859375,-0.037109375,0.013671875,-0.0234375,0.0,0.0,0.0
1092235856,873009,0,1.001953125,-0.0390625,0.009765625,-0.029296875,0.0,0.0,0.0
1092237108,873010,0,1.001953125,-0.03515625,0.009765625,-0.025390625,0.0,0.0,0.0
1092238359,873011,0,1.0,-0.03515625,0.015625,-0.01953125,0.0,0.0,0.0
1092239610,873012,0,1.005859375,-0.037109375,0.013671875,-0.0234375,0.0,0.0,0.0
1092240860,873013,0,1.00390625,-0.033203125,0.015625,-0.017578125,0.0,0.0,0.0
1092242110,873014,0,1.0,-0.041015625,0.009765625,-0.03125,0.0,0.0,0.0
1092243362,873015,0,1.005859375,-0.03515625,0.01171875,-0.0234375,0.0,0.0,0.0
1092244614,873016,0,1.00390625,-0.0390625,0.017578125,-0.021484375,0.0,0.0,0.0
1092245865,873017,0,0.99609375,-0.037109375,0.01171875,-0.025390625,0.0,0.0,0.0
1092247115,873018,0,1.005859375,-0.03515625,0.0078125,-0.02734375,0.0,0.0,0.0
1092248366,873019,0,1.009765625,-0.037109375,0.013671875,-0.0234375,0.0,0.0,0.0
1092249616,873020,0,1.01953125,-0.03515625,0.015625,-0.01953125,0.0,0.0,0.0
1092250867,873021,0,1.009765625,-0.03125,0.005859375,-0.025390625,0.0,0.0,0.0
1092252118,873022,0,1.009765625,-0.037109375,0.013671875,-0.0234375,0.0,0.0,0.0
1092253368,873023,0,1.0,-0.033203125,0.0078125,-0.025390625,0.0,0.0,0.0
1092254619,873024,0,1.00390625,-0.033203125,0.009765625,-0.0234375,0.0,0.0,0.0
1092255871,873025,0,1.005859375,-0.037109375,0.01171875,-0.025390625,0.0,0.0,0.0
1092257121,873026,0,1.001953125,-0.03125,0.0078125,-0.0234375,0.0,0.0,0.0
1092258371,873027,0,1.001953125,-0.03515625,0.013671875,-0.021484375,0.0,0.0,0.0
1092259623,873028,0,1.005859375,-0.029296875,0.015625,-0.013671875,0.0,0.0,0.0
1092260873,873029,0,1.005859375,-0.025390625,0.0078125,-0.017578125,0.0,0.0,0.0
1092262124,873030,0,1.001953125,-0.033203125,0.01171875,-0.021484375,0.0,0.0,0.0
1092263376,873031,0,1.0,-0.033203125,0.01953125,-0.013671875,0.0,0.0,0.0
1092264626,873032,0,1.001953125,-0.029296875,0.005859375,-0.0234375,0.0,0.0,0.0
1092265877,873033,0,1.001953125,-0.02734375,0.01171875,-0.015625,0.0,0.0,0.0
1092267127,873034,0,1.0,-0.029296875,0.0078125,-0.021484375,0.0,0.0,0.0
1092268377,873035,0,1.00390625,-0.025390625,0.01171875,-0.013671875,0.0,0.0,0.0
1092269629,873036,0,1.0,-0.029296875,0.00390625,-0.025390625,0.0,0.0,0.0
1092270879,873037,0,1.0078125,-0.02734375,0.0078125,-0.01953125,0.0,0.0,0.0
1092272130,873038,0,1.005859375,-0.029296875,0.015625,-0.013671875,0.0,0.0,0.0
1092273381,873039,0,0.990234375,-0.02734375,0.009765625,-0.017578125,0.0,0.0,0.0
1092274631,873040,0,1.001953125,-0.0234375,0.00390625,-0.01953125,0.0,0.0,0.0
1092275883,873041,0,1.005859375,-0.02734375,0.0078125,-0.01953125,0.0,0.0,0.0
1092277134,873042,0,1.009765625,-0.025390625,0.015625,-0.009765625,0.0,0.0,0.0
1092278384,873043,0,1.001953125,-0.025390625,0.005859375,-0.01953125,0.0,0.0,0.0
1092279635,873044,0,1.005859375,-0.03125,0.009765625,-0.021484375,0.0,0.0,0.0
1092280887,873045,0,0.99609375,-0.029296875,0.009765625,-0.01953125,0.0,0.0,0.0
1092282137,873046,0,1.0,-0.025390625,0.015625,-0.009765625,0.0,0.0,0.0
1092283388,873047,0,1.00390625,-0.029296875,0.0078125,-0.021484375,0.0,0.0,0.0
1092284639,873048,0,0.99609375,-0.033203125,0.017578125,-0.015625,0.0,0.0,0.0
1092285889,873049,0,1.005859375,-0.033203125,0.00390625,-0.029296875,0.0,0.0,0.0
1092287140,873050,0,1.00390625,-0.03125,0.0078125,-0.0234375,0.0,0.0,0.0
1092288392,873051,0,1.005859375,-0.03515625,0.01171875,-0.0234375,0.0,0.0,0.0
1092289642,873052,0,1.0078125,-0.033203125,0.005859375,-0.02734375,0.0,0.0,0.0
1092290894,873053,0,1.001953125,-0.03515625,0.01171875,-0.0234375,0.0,0.0,0.0
1092292145,873054,0,1.00390625,-0.037109375,0.0078125,-0.029296875,0.0,0.0,0.0
1092293396,873055,0,0.99609375,-0.03515625,0.0078125,-0.02734375,0.0,0.0,0.0
1092294647,873056,0,1.005859375,-0.037109375,0.009765625,-0.02734375,0.0,0.0,0.0
1092295899,873057,0,1.0078125,-0.03515625,0.00390625,-0.03125,0.0,0.0,0.0
1092297150,873058,0,1.0,-0.03125,0.013671875,-0.017578125,0.0,0.0,0.0
1092298400,873059,0,1.0078125,-0.03515625,0.013671875,-0.021484375,0.0,0.0,0.0
1092299652,873060,0,1.0078125,-0.02734375,0.005859375,-0.021484375,0.0,0.0,0.0
1092300902,873061,0,0.994140625,-0.037109375,0.009765625,-0.02734375,0.0,0.0,0.0
1092302152,873062,0,1.001953125,-0.03515625,0.005859375,-0.029296875,0.0,0.0,0.0
1092303402,873063,0,1.0078125,-0.0390625,0.001953125,-0.037109375,0.0,0.0,0.0
1092304653,873064,0,1.005859375,-0.037109375,0.0078125,-0.029296875,0.0,0.0,0.0
1092305904,873065,0,1.001953125,-0.033203125,0.0078125,-0.025390625,0.0,0.0,0.0
1092307154,873066,0,1.0,-0.03515625,0.00390625,-0.03125,0.0,0.0,0.0
1092308406,873067,0,1.001953125,-0.029296875,0.01171875,-0.017578125,0.0,0.0,0.0
1092309657,873068,0,1.005859375,-0.037109375,0.009765625,-0.02734375,0.0,0.0,0.0
1092310907,873069,0,1.0,-0.037109375,0.005859375,-0.03125,0.0,0.0,0.0
1092312158,873070,0,1.001953125,-0.033203125,0.01171875,-0.021484375,0.0,0.0,0.0
1092313408,873071,0,1.005859375,-0.03515625,0.0078125,-0.02734375,0.0,0.0,0.0
1092314659,873072,0,0.998046875,-0.037109375,0.009765625,-0.02734375,0.0,0.0,0.0
1092315910,873073,0,1.001953125,-0.033203125,0.01171875,-0.021484375,0.0,0.0,0.0
1092317160,873074,0,1.009765625,-0.03515625,0.0078125,-0.02734375,0.0,0.0,0.0
1092318410,873075,0,1.001953125,-0.03515625,0.0078125,-0.02734375,0.0,0.0,0.0
1092319662,873076,0,1.001953125,-0.029296875,0.01171875,-0.017578125,0.0,0.0,0.0
1092320912,873077,0,1.00390625,-0.03125,0.009765625,-0.021484375,0.0,0.0,0.0
1092322163,873078,0,1.001953125,-0.03125,0.013671875,-0.017578125,0.0,0.0,0.0
1092323413,873079,0,0.998046875,-0.03125,0.01171875,-0.01953125,0.0,0.0,0.0
1092324664,873080,0,0.998046875,-0.033203125,0.017578125,-0.015625,0.0,0.0,0.0
1092325915,873081,0,1.00390625,-0.033203125,0.013671875,-0.01953125,0.0,0.0,0.0
1092327167,873082,0,1.0,-0.03515625,0.001953125,-0.033203125,0.0,0.0,0.0
1092328417,873083,0,1.0078125,-0.03515625,0.009765625,-0.025390625,0.0,0.0,0.0
1092329668,873084,0,1.009765625,-0.02734375,0.009765625,-0.017578125,0.0,0.0,0.0
1092330920,873085,0,1.001953125,-0.02734375,0.01171875,-0.015625,0.0,0.0,0.0
1092332171,873086,0,1.005859375,-0.02734375,0.015625,-0.01171875,0.0,0.0,0.0
1092333422,873087,0,1.0,-0.029296875,0.005859375,-0.0234375,0.0,0.0,0.0
1092334674,873088,0,0.998046875,-0.029296875,0.0078125,-0.021484375,0.0,0.0,0.0
1092335924,873089,0,1.005859375,-0.029296875,0.009765625,-0.01953125,0.0,0.0,0.0
1092337175,873090,0,1.00390625,-0.029296875,0.0078125,-0.021484375,0.0,0.0,0.0
1092338426,873091,0,1.005859375,-0.02734375,0.013671875,-0.013671875,0.0,0.0,0.0
1092339677,873092,0,1.001953125,-0.0234375,0.009765625,-0.013671875,0.0,0.0,0.0
1092340928,873093,0,1.005859375,-0.029296875,0.01171875,-0.017578125,0.0,0.0,0.0
1092342179,873094,0,1.005859375,-0.02734375,0.01171875,-0.015625,0.0,0.0,0.0
1092343431,873095,0,1.00390625,-0.025390625,0.013671875,-0.01171875,0.0,0.0,0.0
1092344681,873096,0,1.00390625,-0.03125,0.015625,-0.015625,0.0,0.0,0.0
1092345932,873097,0,1.0078125,-0.029296875,0.00390625,-0.025390625,0.0,0.0,0.0
1092347182,873098,0,1.005859375,-0.025390625,0.009765625,-0.015625,0.0,0.0,0.0
1092348432,873099,0,1.001953125,-0.029296875,0.01171875,-0.017578125,0.0,0.0,0.0
1092349684,873100,0,1.0078125,-0.029296875,0.009765625,-0.01953125,0.0,0.0,0.0
1092350934,873101,0,1.0,-0.02734375,0.0078125,-0.01953125,0.0,0.0,0.0
1092352185,873102,0,0.99609375,-0.037109375,0.009765625,-0.02734375,0.0,0.0,0.0
1092353436,873103,0,1.0,-0.037109375,0.015625,-0.021484375,0.0,0.0,0.0
1092354687,873104,0,1.005859375,-0.03515625,0.0078125,-0.02734375,0.0,0.0,0.0
1092355937,873105,0,1.001953125,-0.04296875,0.005859375,-0.037109375,0.0,0.0,0.0
1092357187,873106,0,1.001953125,-0.03515625,0.01171875,-0.0234375,0.0,0.0,0.0
1092358439,873107,0,1.00390625,-0.033203125,0.0078125,-0.025390625,0.0,0.0,0.0
1092359690,873108,0,1.0078125,-0.0390625,0.009765625,-0.029296875,0.0,0.0,0.0
1092360940,873109,0,1.00390625,-0.03515625,0.0078125,-0.02734375,0.0,0.0,0.0
1092362192,873110,0,1.005859375,-0.037109375,0.017578125,-0.01953125,0.0,0.0,0.0
1092363443,873111,0,0.998046875,-0.037109375,0.0078125,-0.029296875,0.0,0.0,0.0
1092364694,873112,0,1.005859375,-0.0390625,0.015625,-0.0234375,0.0,0.0,0.0
1092365944,873113,0,1.0,-0.033203125,0.005859375,-0.02734375,0.0,0.0,0.0
1092367194,873114,0,1.0078125,-0.037109375,0.01171875,-0.025390625,0.0,0.0,0.0
1092368445,873115,0,1.009765625,-0.037109375,0.009765625,-0.02734375,0.0,0.0,0.0
1092369697,873116,0,1.001953125,-0.03515625,0.013671875,-0.021484375,0.0,0.0,0.0
1092370947,873117,0,1.005859375,-0.033203125,0.015625,-0.017578125,0.0,0.0,0.0
1092372199,873118,0,1.005859375,-0.037109375,0.009765625,-0.02734375,0.0,0.0,0.0
1092373449,873119,0,1.001953125,-0.03125,0.0078125,-0.0234375,0.0,0.0,0.0
1092374701,873120,0,1.005859375,-0.03515625,0.00390625,-0.03125,0.0,0.0,0.0
1092375951,873121,0,1.00390625,-0.041015625,0.00390625,-0.037109375,0.0,0.0,0.0
1092377202,873122,0,1.001953125,-0.033203125,0.0,-0.033203125,0.0,0.0,0.0
1092378454,873123,0,1.009765625,-0.03125,0.009765625,-0.021484375,0.0,0.0,0.0
1092379704,873124,0,1.005859375,-0.03515625,0.015625,-0.01953125,0.0,0.0,0.0
1092380955,873125,0,1.001953125,-0.037109375,0.009765625,-0.02734375,0.0,0.0,0.0
1092382206,873126,0,0.99609375,-0.025390625,0.0,-0.025390625,0.0,0.0,0.0
1092383457,873127,0,1.00390625,-0.033203125,0.0078125,-0.025390625,0.0,0.0,0.0
1092384708,873128,0,1.00390625,-0.03515625,0.021484375,-0.013671875,0.0,0.0,0.0
1092385959,873129,0,0.99609375,-0.037109375,0.00390625,-0.033203125,0.0,0.0,0.0
1092387211,873130,0,1.0078125,-0.03515625,0.0078125,-0.02734375,0.0,0.0,0.0
1092388463,873131,0,1.001953125,-0.033203125,0.015625,-0.017578125,0.0,0.0,0.0
1092389713,873132,0,1.005859375,-0.03515625,0.013671875,-0.021484375,0.0,0.0,0.0
1092390965,873133,0,1.0078125,-0.03515625,0.013671875,-0.021484375,0.0,0.0,0.0
1092392215,873134,0,0.998046875,-0.033203125,0.01171875,-0.021484375,0.0,0.0,0.0
1092393466,873135,0,1.001953125,-0.03125,0.015625,-0.015625,0.0,0.0,0.0
1092394716,873136,0,1.001953125,-0.03125,0.009765625,-0.021484375,0.0,0.0,0.0
1092395966,873137,0,1.0078125,-0.03515625,0.009765625,-0.025390625,0.0,0.0,0.0
1092397216,873138,0,1.001953125,-0.033203125,0.009765625,-0.0234375,0.0,0.0,0.0
1092398468,873139,0,1.005859375,-0.03125,0.01171875,-0.01953125,0.0,0.0,0.0
1092399719,873140,0,1.001953125,-0.03125,0.015625,-0.015625,0.0,0.0,0.0
1092400969,873141,0,1.001953125,-0.03125,0.017578125,-0.013671875,0.0,0.0,0.0
1092402221,873142,0,1.001953125,-0.029296875,0.013671875,-0.015625,0.0,0.0,0.0
1092403471,873143,0,1.005859375,-0.025390625,0.017578125,-0.0078125,0.0,0.0,0.0
1092404723,873144,0,1.0,-0.029296875,0.01171875,-0.017578125,0.0,0.0,0.0
1092405973,873145,0,1.015625,-0.025390625,0.0078125,-0.017578125,0.0,0.0,0.0
1092407225,873146,0,0.990234375,-0.025390625,0.017578125,-0.0078125,0.0,0.0,0.0
1092408476,873147,0,1.001953125,-0.03125,0.013671875,-0.017578125,0.0,0.0,0.0
1092409727,873148,0,1.005859375,-0.03125,0.013671875,-0.017578125,0.0,0.0,0.0
1092410977,873149,0,1.00390625,-0.03125,0.0078125,-0.0234375,0.0,0.0,0.0
1092412228,873150,0,1.001953125,-0.025390625,0.013671875,-0.01171875,0.0,0.0,0.0
1092413479,873151,0,1.005859375,-0.033203125,0.013671875,-0.01953125,0.0,0.0,0.0
1092414730,873152,0,1.0,-0.03125,0.00390625,-0.02734375,0.0,0.0,0.0
1092415981,873153,0,1.00390625,-0.03515625,0.009765625,-0.025390625,0.0,0.0,0.0
1092417233,873154,0,1.00390625,-0.033203125,0.013671875,-0.01953125,0.0,0.0,0.0
1092418484,873155,0,1.0,-0.02734375,0.01171875,-0.015625,0.0,0.0,0.0
1092419734,873156,0,1.00390625,-0.033203125,0.00390625,-0.029296875,0.0,0.0,0.0
1092420984,873157,0,1.001953125,-0.03125,0.01171875,-0.01953125,0.0,0.0,0.0
1092422235,873158,0,1.00390625,-0.03515625,0.009765625,-0.025390625,0.0,0.0,0.0
1092423486,873159,0,1.00390625,-0.037109375,0.01171875,-0.025390625,0.0,0.0,0.0
1092424737,873160,0,1.005859375,-0.033203125,0.013671875,-0.01953125,0.0,0.0,0.0
1092425987,873161,0,1.001953125,-0.03515625,0.009765625,-0.025390625,0.0,0.0,0.0
1092427238,873162,0,1.01171875,-0.033203125,0.01171875,-0.021484375,0.0,0.0,0.0
1092428489,873163,0,1.0078125,-0.029296875,0.01171875,-0.017578125,0.0,0.0,0.0
1092429740,873164,0,1.00390625,-0.0234375,0.01171875,-0.01171875,0.0,0.0,0.0
1092430992,873165,0,1.00390625,-0.029296875,0.005859375,-0.0234375,0.0,0.0,0.0
1092432242,873166,0,1.001953125,-0.029296875,0.01953125,-0.009765625,0.0,0.0,0.0
1092433493,873167,0,1.005859375,-0.03515625,0.001953125,-0.033203125,0.0,0.0,0.0
1092434744,873168,0,1.001953125,-0.03125,0.015625,-0.015625,0.0,0.0,0.0
1092435994,873169,0,1.0078125,-0.033203125,0.0078125,-0.025390625,0.0,0.0,0.0
1092437245,873170,0,0.994140625,-0.033203125,0.01171875,-0.021484375,0.0,0.0,0.0
1092438497,873171,0,1.0078125,-0.0390625,0.00390625,-0.03515625,0.0,0.0,0.0
1092439749,873172,0,1.01171875,-0.03515625,0.0078125,-0.02734375,0.0,0.0,0.0
1092440999,873173,0,0.99609375,-0.037109375,0.009765625,-0.02734375,0.0,0.0,0.0
1092442250,873174,0,1.00390625,-0.03515625,0.0078125,-0.02734375,0.0,0.0,0.0
1092443500,873175,0,1.00390625,-0.033203125,0.005859375,-0.02734375,0.0,0.0,0.0
1092444752,873176,0,1.001953125,-0.0390625,0.009765625,-0.029296875,0.0,0.0,0.0
1092446003,873177,0,1.01171875,-0.03515625,0.009765625,-0.025390625,0.0,0.0,0.0
1092447254,873178,0,0.998046875,-0.037109375,0.015625,-0.021484375,0.0,0.0,0.0
1092448504,873179,0,1.0078125,-0.03515625,0.013671875,-0.021484375,0.0,0.0,0.0
1092449756,873180,0,1.01171875,-0.037109375,0.001953125,-0.03515625,0.0,0.0,0.0
1092451006,873181,0,1.0,-0.02734375,0.017578125,-0.009765625,0.0,0.0,0.0
1092452257,873182,0,0.99609375,-0.029296875,0.021484375,-0.0078125,0.0,0.0,0.0
1092453508,873183,0,1.005859375,-0.029296875,0.0078125,-0.021484375,0.0,0.0,0.0
1092454759,873184,0,1.009765625,-0.029296875,0.015625,-0.013671875,0.0,0.0,0.0
1092456009,873185,0,1.01953125,-0.029296875,0.01953125,-0.009765625,0.0,0.0,0.0
1092457259,873186,0,1.005859375,-0.02734375,0.017578125,-0.009765625,0.0,0.0,0.0
1092458510,873187,0,1.005859375,-0.01953125,0.017578125,-0.001953125,0.0,0.0,0.0
1092459762,873188,0,1.0078125,-0.01953125,0.013671875,-0.005859375,0.0,0.0,0.0
1092461013,873189,0,0.994140625,-0.021484375,0.017578125,-0.00390625,0.0,0.0,0.0
1092462271,873190,0,1.009765625,-0.015625,0.009765625,-0.005859375,0.0,0.0,0.0
1092463522,873191,0,1.005859375,-0.013671875,0.01953125,0.005859375,0.0,0.0,0.0
1092464773,873192,0,0.99609375,-0.01171875,0.015625,0.00390625,0.0,0.0,0.0
1092466025,873193,0,1.00390625,-0.013671875,0.017578125,0.00390625,0.0,0.0,0.0
1092467277,873194,0,1.0,-0.01953125,0.01953125,0.0,0.0,0.0,0.0
1092468528,873195,0,1.00390625,-0.0234375,0.01171875,-0.01171875,0.0,0.0,0.0
1092469779,873196,0,1.00390625,-0.02734375,0.01171875,-0.015625,0.0,0.0,0.0
1092471031,873197,0,1.001953125,-0.029296875,0.005859375,-0.0234375,0.0,0.0,0.0
1092472283,873198,0,1.001953125,-0.033203125,0.0,-0.033203125,0.0,0.0,0.0
1092473535,873199,0,1.0,-0.03515625,0.01171875,-0.0234375,0.0,0.0,0.0
1092474786,873200,0,1.005859375,-0.041015625,0.00390625,-0.037109375,0.0,0.0,0.0
1092476036,873201,0,1.005859375,-0.046875,-0.001953125,-0.048828125,0.0,0.0,0.0
1092477287,873202,0,1.001953125,-0.044921875,0.0078125,-0.037109375,0.0,0.0,0.0
1092478537,873203,0,1.00390625,-0.052734375,0.005859375,-0.046875,0.0,0.0,0.0
1092479787,873204,0,1.0,-0.048828125,0.005859375,-0.04296875,0.0,0.0,0.0
1092481038,873205,0,1.001953125,-0.05078125,0.0,-0.05078125,0.0,0.0,0.0
1092482289,873206,0,1.001953125,-0.044921875,0.001953125,-0.04296875,0.0,0.0,0.0
1092483539,873207,0,0.99609375,-0.044921875,0.009765625,-0.03515625,0.0,0.0,0.0
1092484790,873208,0,1.00390625,-0.046875,0.013671875,-0.033203125,0.0,0.0,0.0
1092486042,873209,0,1.0078125,-0.048828125,0.001953125,-0.046875,0.0,0.0,0.0
1092487292,873210,0,1.0078125,-0.044921875,0.0078125,-0.037109375,0.0,0.0,0.0
1092488543,873211,0,1.0,-0.037109375,0.005859375,-0.03125,0.0,0.0,0.0
1092489794,873212,0,1.0078125,-0.0390625,0.001953125,-0.037109375,0.0,0.0,0.0
1092491044,873213,0,1.009765625,-0.03515625,0.005859375,-0.029296875,0.0,0.0,0.0
1092492294,873214,0,1.001953125,-0.0390625,0.005859375,-0.033203125,0.0,0.0,0.0
1092493544,873215,0,1.00390625,-0.03125,0.009765625,-0.021484375,0.0,0.0,0.0
1092494796,873216,0,1.001953125,-0.033203125,0.0078125,-0.025390625,0.0,0.0,0.0
1092496047,873217,0,1.001953125,-0.02734375,0.0078125,-0.01953125,0.0,0.0,0.0
1092497297,873218,0,1.001953125,-0.03515625,0.009765625,-0.025390625,0.0,0.0,0.0
1092498548,873219,0,1.0078125,-0.033203125,0.015625,-0.017578125,0.0,0.0,0.0
1092499800,873220,0,1.0,-0.03515625,0.013671875,-0.021484375,0.0,0.0,0.0
1092501050,873221,0,1.00390625,-0.03515625,0.009765625,-0.025390625,0.0,0.0,0.0
1092502300,873222,0,1.005859375,-0.037109375,0.005859375,-0.03125,0.0,0.0,0.0
1092503550,873223,0,1.005859375,-0.0390625,0.0078125,-0.03125,0.0,0.0,0.0
1092504801,873224,0,1.00390625,-0.041015625,0.009765625,-0.03125,0.0,0.0,0.0
1092506052,873225,0,1.00390625,-0.041015625,0.009765625,-0.03125,0.0,0.0,0.0
1092507302,873226,0,1.00390625,-0.0390625,0.005859375,-0.033203125,0.0,0.0,0.0
1092508553,873227,0,1.01171875,-0.044921875,0.005859375,-0.0390625,0.0,0.0,0.0
1092509804,873228,0,1.0,-0.041015625,0.00390625,-0.037109375,0.0,0.0,0.0
1092511054,873229,0,0.994140625,-0.0390625,0.01171875,-0.02734375,0.0,0.0,0.0
1092512305,873230,0,0.998046875,-0.041015625,0.0078125,-0.033203125,0.0,0.0,0.0
1092513556,873231,0,1.001953125,-0.041015625,0.00390625,-0.037109375,0.0,0.0,0.0
1092514807,873232,0,1.005859375,-0.04296875,0.005859375,-0.037109375,0.0,0.0,0.0
1092516058,873233,0,0.998046875,-0.04296875,0.013671875,-0.029296875,0.0,0.0,0.0
1092517310,873234,0,1.0078125,-0.037109375,0.005859375,-0.03125,0.0,0.0,0.0
1092518560,873235,0,1.005859375,-0.037109375,0.005859375,-0.03125,0.0,0.0,0.0
1092519810,873236,0,1.0,-0.037109375,0.00390625,-0.033203125,0.0,0.0,0.0
1092521060,873237,0,1.001953125,-0.037109375,0.013671875,-0.0234375,0.0,0.0,0.0
1092522311,873238,0,1.005859375,-0.029296875,0.009765625,-0.01953125,0.0,0.0,0.0
1092523561,873239,0,0.998046875,-0.02734375,0.0078125,-0.01953125,0.0,0.0,0.0
1092524813,873240,0,1.0078125,-0.025390625,0.0078125,-0.017578125,0.0,0.0,0.0
1092526063,873241,0,1.001953125,-0.0234375,0.01171875,-0.01171875,0.0,0.0,0.0
1092527313,873242,0,1.005859375,-0.025390625,0.01171875,-0.013671875,0.0,0.0,0.0
1092528565,873243,0,1.005859375,-0.01953125,0.013671875,-0.005859375,0.0,0.0,0.0
1092529816,873244,0,1.001953125,-0.0234375,0.013671875,-0.009765625,0.0,0.0,0.0
1092531066,873245,0,1.0078125,-0.03125,0.015625,-0.015625,0.0,0.0,0.0
1092532316,873246,0,1.001953125,-0.025390625,0.017578125,-0.0078125,0.0,0.0,0.0
1092533567,873247,0,0.99609375,-0.029296875,0.009765625,-0.01953125,0.0,0.0,0.0
1092534817,873248,0,1.00390625,-0.01953125,0.01171875,-0.0078125,0.0,0.0,0.0
1092536069,873249,0,1.00390625,-0.029296875,0.017578125,-0.01171875,0.0,0.0,0.0
1092537319,873250,0,1.00390625,-0.03125,0.009765625,-0.021484375,0.0,0.0,0.0
1092538570,873251,0,1.0078125,-0.02734375,0.005859375,-0.021484375,0.0,0.0,0.0
1092539822,873252,0,1.0,-0.01953125,0.013671875,-0.005859375,0.0,0.0,0.0
1092541072,873253,0,1.005859375,-0.025390625,0.0078125,-0.017578125,0.0,0.0,0.0
1092542322,873254,0,1.001953125,-0.025390625,-0.052734375,-0.078125,0.0,0.0,0.0
1092543572,873255,0,1.005859375,-0.025390625,0.013671875,-0.01171875,0.0,0.0,0.0
1092544823,873256,0,1.001953125,-0.029296875,0.0234375,-0.005859375,0.0,0.0,0.0
1092546075,873257,0,1.01171875,-0.025390625,0.005859375,-0.01953125,0.0,0.0,0.0
1092547326,873258,0,1.00390625,-0.0234375,0.013671875,-0.009765625,0.0,0.0,0.0
1092548576,873259,0,1.001953125,-0.025390625,0.01171875,-0.013671875,0.0,0.0,0.0
1092549827,873260,0,1.001953125,-0.02734375,0.015625,-0.01171875,0.0,0.0,0.0
1092551077,873261,0,0.998046875,-0.025390625,0.01171875,-0.013671875,0.0,0.0,0.0
1092552327,873262,0,1.001953125,-0.0234375,0.009765625,-0.013671875,0.0,0.0,0.0
1092553578,873263,0,1.0078125,-0.029296875,0.013671875,-0.015625,0.0,0.0,0.0
1092554829,873264,0,1.00390625,-0.0234375,0.013671875,-0.009765625,0.0,0.0,0.0
1092556080,873265,0,1.0078125,-0.029296875,0.0078125,-0.021484375,0.0,0.0,0.0
1092557332,873266,0,1.00390625,-0.03515625,0.017578125,-0.017578125,0.0,0.0,0.0
1092558582,873267,0,1.005859375,-0.03125,0.013671875,-0.017578125,0.0,0.0,0.0
1092559834,873268,0,1.0,-0.02734375,0.013671875,-0.013671875,0.0,0.0,0.0
1092561085,873269,0,1.0078125,-0.03515625,0.009765625,-0.025390625,0.0,0.0,0.0
1092562335,873270,0,1.0078125,-0.03515625,0.009765625,-0.025390625,0.0,0.0,0.0
1092563586,873271,0,0.998046875,-0.03515625,0.01171875,-0.0234375,0.0,0.0,0.0
1092564838,873272,0,1.00390625,-0.0390625,0.01171875,-0.02734375,0.0,0.0,0.0
1092566088,873273,0,1.0078125,-0.03515625,0.005859375,-0.029296875,0.0,0.0,0.0
1092567338,873274,0,1.013671875,-0.0390625,0.013671875,-0.025390625,0.0,0.0,0.0
1092568589,873275,0,0.994140625,-0.0390625,-0.001953125,-0.041015625,0.0,0.0,0.0
1092569839,873276,0,0.994140625,-0.037109375,0.013671875,-0.0234375,0.0,0.0,0.0
1092571091,873277,0,0.98828125,-0.046875,0.001953125,-0.044921875,0.0,0.0,0.0
1092572341,873278,0,1.001953125,-0.04296875,0.009765625,-0.033203125,0.0,0.0,0.0
1092573592,873279,0,0.998046875,-0.0390625,0.005859375,-0.033203125,0.0,0.0,0.0
1092574844,873280,0,1.0,-0.037109375,0.005859375,-0.03125,0.0,0.0,0.0
1092576094,873281,0,1.005859375,-0.037109375,0.009765625,-0.02734375,0.0,0.0,0.0
1092577344,873282,0,1.005859375,-0.046875,0.00390625,-0.04296875,0.0,0.0,0.0
1092578595,873283,0,1.00390625,-0.037109375,0.0078125,-0.029296875,0.0,0.0,0.0
1092579846,873284,0,1.0078125,-0.04296875,0.009765625,-0.033203125,0.0,0.0,0.0
1092581096,873285,0,0.998046875,-0.037109375,0.009765625,-0.02734375,0.0,0.0,0.0
1092582346,873286,0,1.001953125,-0.041015625,0.005859375,-0.03515625,0.0,0.0,0.0
1092583597,873287,0,1.00390625,-0.033203125,0.00390625,-0.029296875,0.0,0.0,0.0
1092584847,873288,0,1.0,-0.03515625,0.0078125,-0.02734375,0.0,0.0,0.0
1092586097,873289,0,1.005859375,-0.03125,0.005859375,-0.025390625,0.0,0.0,0.0
1092587349,873290,0,1.00390625,-0.03515625,0.01171875,-0.0234375,0.0,0.0,0.0
1092588599,873291,0,1.005859375,-0.03515625,0.005859375,-0.029296875,0.0,0.0,0.0
1092589850,873292,0,1.005859375,-0.0390625,0.015625,-0.0234375,0.0,0.0,0.0
1092591101,873293,0,1.01171875,-0.03515625,0.009765625,-0.025390625,0.0,0.0,0.0
1092592351,873294,0,0.998046875,-0.037109375,0.013671875,-0.0234375,0.0,0.0,0.0
1092593602,873295,0,1.001953125,-0.0390625,0.015625,-0.0234375,0.0,0.0,0.0
1092594853,873296,0,1.01953125,-0.041015625,0.0078125,-0.033203125,0.0,0.0,0.0
1092596103,873297,0,0.998046875,-0.03125,0.009765625,-0.021484375,0.0,0.0,0.0
1092597355,873298,0,0.998046875,-0.037109375,0.017578125,-0.01953125,0.0,0.0,0.0
1092598606,873299,0,1.005859375,-0.033203125,0.01171875,-0.021484375,0.0,0.0,0.0
1092599856,873300,0,1.00390625,-0.03125,0.009765625,-0.021484375,0.0,0.0,0.0
1092601108,873301,0,1.00390625,-0.03125,0.015625,-0.015625,0.0,0.0,0.0
1092602359,873302,0,0.998046875,-0.025390625,0.015625,-0.009765625,0.0,0.0,0.0
1092603610,873303,0,1.005859375,-0.029296875,0.0078125,-0.021484375,0.0,0.0,0.0
1092604860,873304,0,1.001953125,-0.02734375,0.013671875,-0.013671875,0.0,0.0,0.0
1092606110,873305,0,1.00390625,-0.025390625,0.005859375,-0.01953125,0.0,0.0,0.0
1092607362,873306,0,1.0078125,-0.029296875,0.009765625,-0.01953125,0.0,0.0,0.0
1092608614,873307,0,1.0,-0.029296875,0.01171875,-0.017578125,0.0,0.0,0.0
1092609865,873308,0,1.005859375,-0.02734375,0.017578125,-0.009765625,0.0,0.0,0.0
1092611115,873309,0,1.0,-0.029296875,0.01171875,-0.017578125,0.0,0.0,0.0
1092612366,873310,0,1.001953125,-0.02734375,0.009765625,-0.017578125,0.0,0.0,0.0
1092613616,873311,0,1.00390625,-0.03125,0.015625,-0.015625,0.0,0.0,0.0
1092614867,873312,0,1.00390625,-0.029296875,0.01171875,-0.017578125,0.0,0.0,0.0
1092616118,873313,0,1.00390625,-0.03125,0.013671875,-0.017578125,0.0,0.0,0.0
1092617368,873314,0,1.001953125,-0.02734375,0.013671875,-0.013671875,0.0,0.0,0.0
1092618619,873315,0,1.00390625,-0.03125,0.01171875,-0.01953125,0.0,0.0,0.0
1092619871,873316,0,1.0078125,-0.0234375,0.01171875,-0.01171875,0.0,0.0,0.0
1092621121,873317,0,1.00390625,-0.037109375,0.009765625,-0.02734375,0.0,0.0,0.0
1092622371,873318,0,1.0078125,-0.037109375,0.005859375,-0.03125,0.0,0.0,0.0
1092623623,873319,0,0.998046875,-0.03515625,-0.001953125,-0.037109375,0.0,0.0,0.0
1092624873,873320,0,1.005859375,-0.0390625,0.009765625,-0.029296875,0.0,0.0,0.0
1092626124,873321,0,1.00390625,-0.03125,0.01171875,-0.01953125,0.0,0.0,0.0
1092627376,873322,0,1.001953125,-0.029296875,0.009765625,-0.01953125,0.0,0.0,0.0
1092628626,873323,0,1.00390625,-0.033203125,0.0078125,-0.025390625,0.0,0.0,0.0
1092629877,873324,0,1.00390625,-0.03515625,0.0078125,-0.02734375,0.0,0.0,0.0
1092631127,873325,0,1.0,-0.03125,0.013671875,-0.017578125,0.0,0.0,0.0
1092632377,873326,0,1.001953125,-0.037109375,0.013671875,-0.0234375,0.0,0.0,0.0
1092633629,873327,0,1.0,-0.033203125,0.0078125,-0.025390625,0.0,0.0,0.0
1092634879,873328,0,1.005859375,-0.03125,0.01171875,-0.01953125,0.0,0.0,0.0
1092636130,873329,0,1.005859375,-0.03515625,0.015625,-0.01953125,0.0,0.0,0.0
1092637381,873330,0,1.001953125,-0.033203125,0.01171875,-0.021484375,0.0,0.0,0.0
1092638631,873331,0,1.00390625,-0.03515625,0.005859375,-0.029296875,0.0,0.0,0.0
1092639883,873332,0,1.005859375,-0.029296875,0.00390625,-0.025390625,0.0,0.0,0.0
1092641134,873333,0,0.998046875,-0.03125,0.01171875,-0.01953125,0.0,0.0,0.0
1092642384,873334,0,1.0078125,-0.03125,0.013671875,-0.017578125,0.0,0.0,0.0
1092643635,873335,0,1.0078125,-0.03515625,0.0078125,-0.02734375,0.0,0.0,0.0
1092644887,873336,0,1.00390625,-0.03125,0.001953125,-0.029296875,0.0,0.0,0.0
1092646137,873337,0,1.009765625,-0.03125,0.013671875,-0.017578125,0.0,0.0,0.0
1092647388,873338,0,1.005859375,-0.029296875,0.01171875,-0.017578125,0.0,0.0,0.0
1092648639,873339,0,1.0,-0.03515625,0.013671875,-0.021484375,0.0,0.0,0.0
1092649889,873340,0,1.009765625,-0.03125,0.01171875,-0.01953125,0.0,0.0,0.0
1092651140,873341,0,1.015625,-0.029296875,0.00390625,-0.025390625,0.0,0.0,0.0
1092652392,873342,0,1.001953125,-0.02734375,0.009765625,-0.017578125,0.0,0.0,0.0
1092653642,873343,0,1.001953125,-0.02734375,0.009765625,-0.017578125,0.0,0.0,0.0
1092654894,873344,0,1.0078125,-0.02734375,0.009765625,-0.017578125,0.0,0.0,0.0
1092656145,873345,0,1.0,-0.033203125,0.0078125,-0.025390625,0.0,0.0,0.0
1092657396,873346,0,1.005859375,-0.033203125,0.015625,-0.017578125,0.0,0.0,0.0
1092658647,873347,0,1.005859375,-0.03125,0.01171875,-0.01953125,0.0,0.0,0.0
1092659899,873348,0,1.00390625,-0.03125,0.01171875,-0.01953125,0.0,0.0,0.0
1092661150,873349,0,1.00390625,-0.029296875,0.01953125,-0.009765625,0.0,0.0,0.0
1092662400,873350,0,1.001953125,-0.03125,0.013671875,-0.017578125,0.0,0.0,0.0
1092663652,873351,0,1.0,-0.033203125,0.01171875,-0.021484375,0.0,0.0,0.0
1092664902,873352,0,1.001953125,-0.03125,0.0078125,-0.0234375,0.0,0.0,0.0
1092666152,873353,0,1.0,-0.033203125,0.005859375,-0.02734375,0.0,0.0,0.0
1092667402,873354,0,0.998046875,-0.037109375,0.009765625,-0.02734375,0.0,0.0,0.0
1092668653,873355,0,1.0078125,-0.037109375,0.00390625,-0.033203125,0.0,0.0,0.0
1092669904,873356,0,1.005859375,-0.03515625,0.009765625,-0.025390625,0.0,0.0,0.0
1092671154,873357,0,1.001953125,-0.0390625,0.015625,-0.0234375,0.0,0.0,0.0
1092672406,873358,0,1.005859375,-0.033203125,0.0078125,-0.025390625,0.0,0.0,0.0
1092673657,873359,0,1.005859375,-0.03515625,0.0078125,-0.02734375,0.0,0.0,0.0
1092674907,873360,0,1.0078125,-0.03515625,0.0078125,-0.02734375,0.0,0.0,0.0
1092676158,873361,0,1.00390625,-0.03125,0.013671875,-0.017578125,0.0,0.0,0.0
1092677408,873362,0,1.009765625,-0.03125,0.005859375,-0.025390625,0.0,0.0,0.0
1092678659,873363,0,1.005859375,-0.03125,0.01171875,-0.01953125,0.0,0.0,0.0
1092679910,873364,0,1.005859375,-0.029296875,0.015625,-0.013671875,0.0,0.0,0.0
1092681160,873365,0,1.0078125,-0.02734375,0.017578125,-0.009765625,0.0,0.0,0.0
1092682410,873366,0,1.001953125,-0.0234375,0.009765625,-0.013671875,0.0,0.0,0.0
1092683662,873367,0,1.005859375,-0.029296875,0.0078125,-0.021484375,0.0,0.0,0.0
1092684912,873368,0,1.001953125,-0.02734375,0.005859375,-0.021484375,0.0,0.0,0.0
1092686163,873369,0,1.00390625,-0.029296875,0.005859375,-0.0234375,0.0,0.0,0.0
1092687413,873370,0,1.0078125,-0.03125,0.005859375,-0.025390625,0.0,0.0,0.0
1092688664,873371,0,1.005859375,-0.02734375,0.013671875,-0.013671875,0.0,0.0,0.0
1092689915,873372,0,1.0,-0.03125,0.013671875,-0.017578125,0.0,0.0,0.0
1092691167,873373,0,1.005859375,-0.02734375,0.017578125,-0.009765625,0.0,0.0,0.0
1092692417,873374,0,1.001953125,-0.02734375,0.009765625,-0.017578125,0.0,0.0,0.0
1092693668,873375,0,1.0,-0.029296875,0.009765625,-0.01953125,0.0,0.0,0.0
1092694920,873376,0,1.005859375,-0.033203125,0.009765625,-0.0234375,0.0,0.0,0.0
1092696171,873377,0,1.0078125,-0.033203125,0.01171875,-0.021484375,0.0,0.0,0.0
1092697422,873378,0,1.005859375,-0.03125,0.005859375,-0.025390625,0.0,0.0,0.0
1092698674,873379,0,0.998046875,-0.033203125,0.01171875,-0.021484375,0.0,0.0,0.0
1092699924,873380,0,1.0078125,-0.02734375,0.009765625,-0.017578125,0.0,0.0,0.0
1092701175,873381,0,1.01171875,-0.037109375,0.013671875,-0.0234375,0.0,0.0,0.0
1092702426,873382,0,1.009765625,-0.037109375,0.017578125,-0.01953125,0.0,0.0,0.0
1092703677,873383,0,1.005859375,-0.03125,0.005859375,-0.025390625,0.0,0.0,0.0
1092704928,873384,0,1.009765625,-0.03125,0.009765625,-0.021484375,0.0,0.0,0.0
1092706179,873385,0,1.001953125,-0.033203125,0.01171875,-0.021484375,0.0,0.0,0.0
1092707431,873386,0,1.0078125,-0.033203125,0.005859375,-0.02734375,0.0,0.0,0.0
1092708681,873387,0,1.0078125,-0.03125,0.013671875,-0.017578125,0.0,0.0,0.0
1092709932,873388,0,1.001953125,-0.03125,0.005859375,-0.025390625,0.0,0.0,0.0
1092711182,873389,0,1.001953125,-0.03125,0.017578125,-0.013671875,0.0,0.0,0.0
1092712432,873390,0,1.001953125,-0.033203125,0.01171875,-0.021484375,0.0,0.0,0.0
1092713684,873391,0,1.005859375,-0.03515625,0.00390625,-0.03125,0.0,0.0,0.0
1092714934,873392,0,1.001953125,-0.037109375,0.009765625,-0.02734375,0.0,0.0,0.0
1092716185,873393,0,1.001953125,-0.0390625,0.0078125,-0.03125,0.0,0.0,0.0
1092717436,873394,0,1.005859375,-0.037109375,0.0078125,-0.029296875,0.0,0.0,0.0
1092718687,873395,0,1.0078125,-0.0390625,0.005859375,-0.033203125,0.0,0.0,0.0
1092719937,873396,0,1.0,-0.041015625,0.0078125,-0.033203125,0.0,0.0,0.0
1092721187,873397,0,1.005859375,-0.037109375,0.01171875,-0.025390625,0.0,0.0,0.0
1092722439,873398,0,0.998046875,-0.03515625,0.005859375,-0.029296875,0.0,0.0,0.0
1092723690,873399,0,0.99609375,-0.0390625,0.005859375,-0.033203125,0.0,0.0,0.0
1092724940,873400,0,1.0078125,-0.0390625,0.015625,-0.0234375,0.0,0.0,0.0
1092726192,873401,0,1.009765625,-0.037109375,0.001953125,-0.03515625,0.0,0.0,0.0
1092727443,873402,0,1.009765625,-0.025390625,0.005859375,-0.01953125,0.0,0.0,0.0
1092728694,873403,0,1.01171875,-0.02734375,0.015625,-0.01171875,0.0,0.0,0.0
1092729944,873404,0,0.998046875,-0.02734375,0.017578125,-0.009765625,0.0,0.0,0.0
1092731194,873405,0,1.00390625,-0.0234375,0.005859375,-0.017578125,0.0,0.0,0.0
1092732445,873406,0,1.0078125,-0.025390625,0.013671875,-0.01171875,0.0,0.0,0.0
1092733697,873407,0,1.00390625,-0.0234375,0.01171875,-0.01171875,0.0,0.0,0.0
1092734947,873408,0,1.0078125,-0.0234375,0.009765625,-0.013671875,0.0,0.0,0.0
1092736199,873409,0,1.0078125,-0.03125,0.0078125,-0.0234375,0.0,0.0,0.0
1092737449,873410,0,1.00390625,-0.025390625,0.017578125,-0.0078125,0.0,0.0,0.0
1092738701,873411,0,0.998046875,-0.03125,0.01171875,-0.01953125,0.0,0.0,0.0
1092739951,873412,0,1.00390625,-0.033203125,0.005859375,-0.02734375,0.0,0.0,0.0
1092741202,873413,0,1.00390625,-0.03125,0.01171875,-0.01953125,0.0,0.0,0.0
1092742454,873414,0,1.0,-0.033203125,0.015625,-0.017578125,0.0,0.0,0.0
1092743704,873415,0,1.001953125,-0.033203125,0.015625,-0.017578125,0.0,0.0,0.0
1092744955,873416,0,1.00390625,-0.03515625,0.00390625,-0.03125,0.0,0.0,0.0
1092746206,873417,0,1.00390625,-0.033203125,0.013671875,-0.01953125,0.0,0.0,0.0
1092747457,873418,0,1.00390625,-0.033203125,0.0078125,-0.025390625,0.0,0.0,0.0
1092748708,873419,0,1.00390625,-0.03515625,0.009765625,-0.025390625,0.0,0.0,0.0
1092749959,873420,0,1.001953125,-0.033203125,0.013671875,-0.01953125,0.0,0.0,0.0
1092751211,873421,0,1.015625,-0.021484375,0.013671875,-0.0078125,0.0,0.0,0.0
1092752463,873422,0,1.009765625,-0.0390625,0.009765625,-0.029296875,0.0,0.0,0.0
1092753713,873423,0,0.99609375,-0.03515625,0.009765625,-0.025390625,0.0,0.0,0.0
1092754965,873424,0,0.99609375,-0.03515625,0.01171875,-0.0234375,0.0,0.0,0.0
1092756215,873425,0,1.001953125,-0.033203125,0.009765625,-0.0234375,0.0,0.0,0.0
1092757466,873426,0,1.009765625,-0.033203125,0.0078125,-0.025390625,0.0,0.0,0.0
1092758716,873427,0,1.0078125,-0.033203125,0.005859375,-0.02734375,0.0,0.0,0.0
1092759966,873428,0,1.0,-0.03125,0.0078125,-0.0234375,0.0,0.0,0.0
1092761216,873429,0,0.99609375,-0.029296875,0.015625,-0.013671875,0.0,0.0,0.0
1092762468,873430,0,1.0078125,-0.029296875,0.01171875,-0.017578125,0.0,0.0,0.0
1092763719,873431,0,1.0078125,-0.03515625,0.013671875,-0.021484375,0.0,0.0,0.0
1092764969,873432,0,0.998046875,-0.02734375,0.0078125,-0.01953125,0.0,0.0,0.0
1092766221,873433,0,1.0,-0.03125,0.0078125,-0.0234375,0.0,0.0,0.0
1092767471,873434,0,1.001953125,-0.03125,0.01171875,-0.01953125,0.0,0.0,0.0
1092768723,873435,0,1.005859375,-0.02734375,0.017578125,-0.009765625,0.0,0.0,0.0
1092769973,873436,0,1.009765625,-0.029296875,0.01171875,-0.017578125,0.0,0.0,0.0
1092771225,873437,0,1.005859375,-0.03515625,0.013671875,-0.021484375,0.0,0.0,0.0
1092772476,873438,0,1.00390625,-0.03125,0.009765625,-0.021484375,0.0,0.0,0.0
1092773727,873439,0,1.001953125,-0.033203125,0.005859375,-0.02734375,0.0,0.0,0.0
1092774977,873440,0,1.009765625,-0.033203125,0.00390625,-0.029296875,0.0,0.0,0.0
1092776228,873441,0,1.00390625,-0.03515625,0.013671875,-0.021484375,0.0,0.0,0.0
1092777479,873442,0,1.005859375,-0.037109375,0.005859375,-0.03125,0.0,0.0,0.0
1092778730,873443,0,1.0078125,-0.037109375,0.0,-0.037109375,0.0,0.0,0.0
1092779981,873444,0,1.0078125,-0.037109375,0.013671875,-0.0234375,0.0,0.0,0.0
1092781233,873445,0,0.998046875,-0.037109375,0.01171875,-0.025390625,0.0,0.0,0.0
1092782484,873446,0,1.0078125,-0.0390625,0.005859375,-0.033203125,0.0,0.0,0.0
1092783734,873447,0,1.0,-0.03125,0.009765625,-0.021484375,0.0,0.0,0.0
1092784984,873448,0,1.005859375,-0.03125,-0.00390625,-0.03515625,0.0,0.0,0.0
1092786235,873449,0,0.994140625,-0.03125,0.0078125,-0.0234375,0.0,0.0,0.0
1092787486,873450,0,1.0078125,-0.029296875,0.009765625,-0.01953125,0.0,0.0,0.0
1092788737,873451,0,1.00390625,-0.033203125,0.009765625,-0.0234375,0.0,0.0,0.0
1092789987,873452,0,1.00390625,-0.033203125,0.009765625,-0.0234375,0.0,0.0,0.0
1092791238,873453,0,1.0078125,-0.033203125,0.005859375,-0.02734375,0.0,0.0,0.0
1092792489,873454,0,1.00390625,-0.033203125,0.017578125,-0.015625,0.0,0.0,0.0
1092793740,873455,0,1.001953125,-0.03125,0.009765625,-0.021484375,0.0,0.0,0.0
1092794992,873456,0,1.005859375,-0.03515625,0.0078125,-0.02734375,0.0,0.0,0.0
1092796242,873457,0,1.0078125,-0.03125,0.015625,-0.015625,0.0,0.0,0.0
1092797493,873458,0,1.005859375,-0.033203125,0.009765625,-0.0234375,0.0,0.0,0.0
1092798744,873459,0,1.0078125,-0.033203125,0.01171875,-0.021484375,0.0,0.0,0.0
1092799994,873460,0,1.005859375,-0.033203125,0.0078125,-0.025390625,0.0,0.0,0.0
1092801245,873461,0,0.998046875,-0.03125,0.0078125,-0.0234375,0.0,0.0,0.0
1092802497,873462,0,1.001953125,-0.03125,0.00390625,-0.02734375,0.0,0.0,0.0
1092803749,873463,0,1.005859375,-0.03515625,0.00390625,-0.03125,0.0,0.0,0.0
1092804999,873464,0,1.0,-0.033203125,0.01171875,-0.021484375,0.0,0.0,0.0
1092806250,873465,0,1.001953125,-0.037109375,0.01953125,-0.017578125,0.0,0.0,0.0
1092807500,873466,0,1.0078125,-0.03515625,0.017578125,-0.017578125,0.0,0.0,0.0
1092808752,873467,0,1.001953125,-0.033203125,0.009765625,-0.0234375,0.0,0.0,0.0
1092810003,873468,0,1.01171875,-0.03515625,0.013671875,-0.021484375,0.0,0.0,0.0
1092811254,873469,0,1.005859375,-0.033203125,0.005859375,-0.02734375,0.0,0.0,0.0
1092812504,873470,0,1.0078125,-0.037109375,0.009765625,-0.02734375,0.0,0.0,0.0
1092813756,873471,0,1.005859375,-0.03515625,0.01171875,-0.0234375,0.0,0.0,0.0
1092815006,873472,0,1.00390625,-0.037109375,0.005859375,-0.03125,0.0,0.0,0.0
1092816257,873473,0,1.0078125,-0.033203125,0.005859375,-0.02734375,0.0,0.0,0.0
1092817508,873474,0,0.998046875,-0.033203125,0.009765625,-0.0234375,0.0,0.0,0.0
1092818759,873475,0,1.00390625,-0.03125,0.0078125,-0.0234375,0.0,0.0,0.0
1092820009,873476,0,1.0,-0.02734375,-0.0078125,-0.03515625,0.0,0.0,0.0
1092821259,873477,0,1.005859375,-0.03125,0.009765625,-0.021484375,0.0,0.0,0.0
1092822510,873478,0,0.998046875,-0.03515625,0.0078125,-0.02734375,0.0,0.0,0.0
1092823762,873479,0,1.00390625,-0.033203125,0.013671875,-0.01953125,0.0,0.0,0.0
1092825013,873480,0,1.005859375,-0.03125,0.005859375,-0.025390625,0.0,0.0,0.0
1092826271,873481,0,1.00390625,-0.029296875,0.009765625,-0.01953125,0.0,0.0,0.0
1092827522,873482,0,1.0,-0.03125,0.009765625,-0.021484375,0.0,0.0,0.0
1092828773,873483,0,1.005859375,-0.033203125,0.00390625,-0.029296875,0.0,0.0,0.0
1092830025,873484,0,1.00390625,-0.03515625,0.00390625,-0.03125,0.0,0.0,0.0
1092831277,873485,0,1.005859375,-0.04296875,0.005859375,-0.037109375,0.0,0.0,0.0
1092832528,873486,0,1.0,-0.03125,0.009765625,-0.021484375,0.0,0.0,0.0
1092833779,873487,0,1.005859375,-0.03125,0.013671875,-0.017578125,0.0,0.0,0.0
1092835031,873488,0,1.005859375,-0.02734375,0.005859375,-0.021484375,0.0,0.0,0.0
1092836283,873489,0,1.005859375,-0.033203125,0.0078125,-0.025390625,0.0,0.0,0.0
